qa_id,text
c5e4653f-b96c-4a35-aa31-05af55e4e245,"地形による変化率の各地形区分の勾配を教えてください。"
c5e4653f-b96c-4a35-aa31-05af55e4e245,"地形による分類にある平地、丘陵地、低山地、高山地の区分けになる勾配を教えてください。"
c5e4653f-b96c-4a35-aa31-05af55e4e245,"平地と丘陵地の違いを教えてください。"
c5e4653f-b96c-4a35-aa31-05af55e4e245,"低山地と高山地の区分基準は何ですか。"
c5e4653f-b96c-4a35-aa31-05af55e4e245,"地形区分の勾配基準について知りたいです。"
c5e4653f-b96c-4a35-aa31-05af55e4e245,"平地、丘陵地、低山地、高山地の定義を教えてください。"
a4c1d87f-fb4a-423f-9266-d90e394605e6,"橋梁設計（標準設計・JIS桁）の場合の電子計算機使用料の扱いについて教えてください。"
a4c1d87f-fb4a-423f-9266-d90e394605e6,"設計業務等標準積算金基準書（令和6年度版）P.3-2-81に記載されております、「（5）標準設計を利用、またはＪＩＳ桁を使用する場合」には電子計算機使用料の計上がないようですが、この根拠はあるのでしょうか。ご教示ください。よろしくお願いいたします。"
a4c1d87f-fb4a-423f-9266-d90e394605e6,"標準設計を利用する場合に電子計算機使用料が計上されない理由を教えてください。"
a4c1d87f-fb4a-423f-9266-d90e394605e6,"JIS桁使用時の電子計算機使用料について教えてください。"
a4c1d87f-fb4a-423f-9266-d90e394605e6,"電子計算機使用料が対象外となる条件を知りたいです。"
a4c1d87f-fb4a-423f-9266-d90e394605e6,"橋梁設計で電子計算機使用料が計上されないケースはありますか。"
dbcf58cf-4195-46cd-9d54-6d47e975ded4,"物価資料の比較平均値について教えてください。"
dbcf58cf-4195-46cd-9d54-6d47e975ded4,"地質調査についてです。市場単価（積算資料・建設物価比較平均値）の中の選択肢として、積算資料と建設物価の平均値の有効上位3桁の、4桁目以降を四捨五入で3桁目に返した単価を設定して、選択肢に追加するようなことは可能でしょうか。選択肢としては、「積算資料・建設物価比較平均値（有効上位3桁止：四捨五入）」というような感じになろうかと思います。防衛省の積算では、上記対応になっているとのことでしたので、よろしければ対応をお願いできますでしょうか。（現状、手作業にて直しております。）"
dbcf58cf-4195-46cd-9d54-6d47e975ded4,"比較平均値の四捨五入対応はできますか。"
dbcf58cf-4195-46cd-9d54-6d47e975ded4,"有効上位3桁止の四捨五入について教えてください。"
dbcf58cf-4195-46cd-9d54-6d47e975ded4,"積算資料・建設物価比較平均値の丸め処理を変更できますか。"
dbcf58cf-4195-46cd-9d54-6d47e975ded4,"市場単価の4桁目以降を四捨五入する設定はありますか。"
dbcf58cf-4195-46cd-9d54-6d47e975ded4,"防衛省積算と同じ四捨五入処理に対応していますか。"
dbcf58cf-4195-46cd-9d54-6d47e975ded4,"比較平均値の端数処理方法を教えてください。"
06bc0bad-0ce9-420d-84d3-a81c87de50db,"休日割増の算出式の根拠を教えてください。"
06bc0bad-0ce9-420d-84d3-a81c87de50db,"休日割増賃金の算出式について　設計業務等標準積算基準書には、時間外手当の算出についての記載はありますが休日割増についての記載がありません。維津美で適用している休日割増の算出式の根拠をお示しいただけないでしょうか（国交省の公表資料等）。委託業務への休日割増適用について　休日割増については、委託業務も対象になると考えていいのでしょうか。こちらも根拠となる資料（国交省の公表資料等）がありましたらご提示いただけないでしょうか。"
06bc0bad-0ce9-420d-84d3-a81c87de50db,"休日割増賃金の計算根拠を教えてください。"
06bc0bad-0ce9-420d-84d3-a81c87de50db,"休日割増の算出方法について知りたいです。"
06bc0bad-0ce9-420d-84d3-a81c87de50db,"休日割増は委託業務にも適用されますか。"
06bc0bad-0ce9-420d-84d3-a81c87de50db,"技術者の休日割増の扱いについて教えてください。"
06bc0bad-0ce9-420d-84d3-a81c87de50db,"休日労働時の割増賃金の考え方を知りたいです。"
06bc0bad-0ce9-420d-84d3-a81c87de50db,"休日割増の国交省資料はありますか。"
06bc0bad-0ce9-420d-84d3-a81c87de50db,"委託業務で休日割増を計上する必要はありますか。"
b773a809-0b73-46bb-a7e0-93c147b7e4d7,"物価資料を用いる単価の端数処理設定について教えてください。"
b773a809-0b73-46bb-a7e0-93c147b7e4d7,"物価資料の市場単価を計上する際、建設物価と積算資料の平均値を上位3桁で四捨五入を行った単価を適用することは出来ますでしょうか。"
b773a809-0b73-46bb-a7e0-93c147b7e4d7,"市場単価の平均値を四捨五入する設定はありますか。"
b773a809-0b73-46bb-a7e0-93c147b7e4d7,"建設物価と積算資料の平均値の端数処理方法を教えてください。"
b773a809-0b73-46bb-a7e0-93c147b7e4d7,"有効上位3桁で四捨五入した単価を使えますか。"
b773a809-0b73-46bb-a7e0-93c147b7e4d7,"物価資料単価の丸め処理を変更できますか。"
b773a809-0b73-46bb-a7e0-93c147b7e4d7,"市場単価の端数処理設定について知りたいです。"
b773a809-0b73-46bb-a7e0-93c147b7e4d7,"積算資料と建設物価の平均値を四捨五入できますか。"
b059cce5-e0d5-491a-94c4-cc9ce33ce1d1,"農林水産省のライトバン運転費の算出根拠を教えてください。"
b059cce5-e0d5-491a-94c4-cc9ce33ce1d1,"農林水産省の土地改良工事積算基準によるライトバンの算定方法は基準のどこに書かれているでしょうか。※EXP2の0.8以下および1.2以上や0.8～1.2での式など"
b059cce5-e0d5-491a-94c4-cc9ce33ce1d1,"ライトバン運転費の計算式について教えてください。"
b059cce5-e0d5-491a-94c4-cc9ce33ce1d1,"土地改良工事積算基準のライトバン算定方法を知りたいです。"
b059cce5-e0d5-491a-94c4-cc9ce33ce1d1,"EXP2を用いたライトバン算出式はどこに記載されていますか。"
b059cce5-e0d5-491a-94c4-cc9ce33ce1d1,"ライトバンの運転費算定根拠を教えてください。"
b059cce5-e0d5-491a-94c4-cc9ce33ce1d1,"農水省基準のライトバン単価計算方法について知りたいです。"
b059cce5-e0d5-491a-94c4-cc9ce33ce1d1,"ライトバンのEXP2計算式について教えてください。"
e72669cf-5c21-4a41-a895-71892f12e724,"電線共同溝（C･C･BOX）予備設計の端数処理設定について教えてください。"
e72669cf-5c21-4a41-a895-71892f12e724,"電線共同溝（C･C･BOX）予備設計についてお教えください。①地域補正の式を選択したときに【端数処理桁】がある②端数設定の補正の処理方法が【処理しない】であるこの上記2つは維津美で昔からの設定でしょうか。もしくは最近でしょうか。最近の場合はいつからかわかりますでしょうか。よろしくお願いいたします。"
e72669cf-5c21-4a41-a895-71892f12e724,"C･C･BOX予備設計の端数処理設定について知りたいです。"
e72669cf-5c21-4a41-a895-71892f12e724,"電線共同溝予備設計の補正処理設定はいつ変更されましたか。"
e72669cf-5c21-4a41-a895-71892f12e724,"地域補正の端数処理桁設定について教えてください。"
e72669cf-5c21-4a41-a895-71892f12e724,"端数設定が「処理しない」になっている理由を知りたいです。"
e72669cf-5c21-4a41-a895-71892f12e724,"歩掛V7J02の設定変更内容について教えてください。"
e72669cf-5c21-4a41-a895-71892f12e724,"電線共同溝（C･C･BOX）の端数処理仕様について知りたいです。"
56eaed8b-22d1-4416-b1d1-2dc461c5e269,"市場単価と部材単価の違いについて教えてください。"
56eaed8b-22d1-4416-b1d1-2dc461c5e269,"市場単価と部材単価の違いを教えていただけませんか？市場単価は、建設物価・積算資料それぞれの単価が確認できる認識でよろしいでしょうか？またどちらも毎月更新されるものでしょうか？宜しくお願い致します。"
56eaed8b-22d1-4416-b1d1-2dc461c5e269,"市場単価と部材単価の区分の違いを教えてください。"
56eaed8b-22d1-4416-b1d1-2dc461c5e269,"市場単価では建設物価と積算資料の単価を確認できますか。"
56eaed8b-22d1-4416-b1d1-2dc461c5e269,"部材単価は平均値のみですか。"
56eaed8b-22d1-4416-b1d1-2dc461c5e269,"市場単価と部材単価の更新タイミングを教えてください。"
56eaed8b-22d1-4416-b1d1-2dc461c5e269,"物価資料単価は毎月更新されますか。"
56eaed8b-22d1-4416-b1d1-2dc461c5e269,"市場単価と部材単価の違いを知りたいです。"
56eaed8b-22d1-4416-b1d1-2dc461c5e269,"市場単価の平均値区分について教えてください。"
fbe7e281-8d4c-4c55-9780-2238ab1b04e2,"端数処理一覧の各項目の意味合いについて教えてください。"
fbe7e281-8d4c-4c55-9780-2238ab1b04e2,"端数処理設定に於ける単価と工程単価の違い、作業単価表は単価？工程単価？工程金額とは何を指すのでしょうか。作業単価表で上位4桁を採用し、トータルの単価としてはそのまま積上げたいのにここでも上位4桁処理がされてしまう場合、どのように対処したら良いでしょうか。"
fbe7e281-8d4c-4c55-9780-2238ab1b04e2,"単価と工程単価の違いを教えてください。"
fbe7e281-8d4c-4c55-9780-2238ab1b04e2,"工程単価と工程金額の意味を知りたいです。"
fbe7e281-8d4c-4c55-9780-2238ab1b04e2,"作業単価表は工程単価ですか。"
fbe7e281-8d4c-4c55-9780-2238ab1b04e2,"端数処理で上位4桁処理を回避する方法はありますか。"
fbe7e281-8d4c-4c55-9780-2238ab1b04e2,"代価工程単価の端数処理設定を変更する方法を教えてください。"
fbe7e281-8d4c-4c55-9780-2238ab1b04e2,"作業単価表の積み上げ時に端数処理しない設定はできますか。"
f7ea6c1b-62dc-4b09-aa88-5bb80d79d5aa,"Windows11へのアップグレードで新規作成及び既存データの読み込みが出来なくなりました。"
f7ea6c1b-62dc-4b09-aa88-5bb80d79d5aa,"Windows10からWindows11にアップグレードしたところ、新しく作成及び既存データの読み込みができなくなりました。対処方法をご教示ください。"
f7ea6c1b-62dc-4b09-aa88-5bb80d79d5aa,"Windows11アップグレード後にデータを開けなくなりました。"
f7ea6c1b-62dc-4b09-aa88-5bb80d79d5aa,"Windows11で新規作成できない場合の対処方法を教えてください。"
f7ea6c1b-62dc-4b09-aa88-5bb80d79d5aa,"既存データの読み込みができない時の対応方法を知りたいです。"
f7ea6c1b-62dc-4b09-aa88-5bb80d79d5aa,"インスタンスの停止2と削除2の実行方法を教えてください。"
f7ea6c1b-62dc-4b09-aa88-5bb80d79d5aa,"Windows11更新後に積算開始できなくなりました。"
4f580d8c-c255-474c-870b-75e06d6f1a9b,"維津美の補正の各計算タイプの違いについて教えてください。"
4f580d8c-c255-474c-870b-75e06d6f1a9b,"維津美の各計算タイプの違いについて説明をお願いします。"
4f580d8c-c255-474c-870b-75e06d6f1a9b,"補正計算タイプAとBの違いを教えてください。"
4f580d8c-c255-474c-870b-75e06d6f1a9b,"AタイプとA'タイプの違いを知りたいです。"
4f580d8c-c255-474c-870b-75e06d6f1a9b,"BタイプとB'タイプの補正方法の違いは何ですか。"
4f580d8c-c255-474c-870b-75e06d6f1a9b,"Cタイプ補正とは何ですか。"
4f580d8c-c255-474c-870b-75e06d6f1a9b,"Dタイプ補正の計算方法を教えてください。"
4f580d8c-c255-474c-870b-75e06d6f1a9b,"工程変化率の計算タイプごとの違いを知りたいです。"
4f580d8c-c255-474c-870b-75e06d6f1a9b,"補正の掛かる箇所の違いについて教えてください。"
4f580d8c-c255-474c-870b-75e06d6f1a9b,"補正タイプその他とは何を指しますか。"
37129ae1-b0db-4c77-8e4a-54619fac96eb,"港湾局のライトバンの燃費の根拠を教えてください。"
37129ae1-b0db-4c77-8e4a-54619fac96eb,"港湾のライトバンを確認すると燃費が3.0L/hとなっています。R5建設機械等損料表では3.4L/hとなっていました。3.0L/hの設定根拠をお教えいただけますでしょうか。"
37129ae1-b0db-4c77-8e4a-54619fac96eb,"港湾のライトバン燃費3.0L/hの根拠を知りたいです。"
37129ae1-b0db-4c77-8e4a-54619fac96eb,"ライトバン燃費の設定値が3.0L/hになっている理由を教えてください。"
37129ae1-b0db-4c77-8e4a-54619fac96eb,"港湾局の交通車単価表について教えてください。"
37129ae1-b0db-4c77-8e4a-54619fac96eb,"港湾土木請負工事積算基準のライトバン燃費設定を知りたいです。"
37129ae1-b0db-4c77-8e4a-54619fac96eb,"R5建設機械等損料表と燃費が異なる理由は何ですか。"
7a8a27a3-c289-42d1-9971-c4492f214393,"休日割増の考え方について教えてください。"
7a8a27a3-c289-42d1-9971-c4492f214393,"技術者基準日額及び労務費の休日割増について、維津美では添付ファイルのとおり算出式が適用されていますが、これについて2点確認をお願いします。休日割増賃金の算出式について設計業務等標準積算基準書には、時間外手当の算出についての記載はありますが休日割増についての記載がありません。維津美で適用している休日割増の算出式の根拠をお示しいただけないでしょうか（国交省の公表資料等）。委託業務への休日割増適用について技術者基準日額及び労務費の休日割増については、委託業務も対象になると考えていいのでしょうか。こちらも根拠となる資料（国交省の公表資料等）がありましたらご提示いただけないでしょうか。以上、回答をお願いします。"
7a8a27a3-c289-42d1-9971-c4492f214393,"休日割増賃金の算出根拠を教えてください。"
7a8a27a3-c289-42d1-9971-c4492f214393,"技術者の休日割増の考え方を知りたいです。"
7a8a27a3-c289-42d1-9971-c4492f214393,"委託業務にも休日割増は適用されますか。"
7a8a27a3-c289-42d1-9971-c4492f214393,"休日割増の国交省資料はありますか。"
7a8a27a3-c289-42d1-9971-c4492f214393,"技術者基準日額の休日割増について教えてください。"
7a8a27a3-c289-42d1-9971-c4492f214393,"労務費の休日割増計算方法を知りたいです。"
833c09ea-ec43-4ad3-8b32-358a3c5d8a64,"北陸地整のUAVレーザ測量歩掛について教えてください。"
833c09ea-ec43-4ad3-8b32-358a3c5d8a64,"UAVレーザ測量歩掛について教えて下さい。機械経費として北陸地整歩掛が使用可能となっていますが、その計算式の根拠資料はどこかに開示されていますか？北陸地整のホームページ探しましたが見当たらないもので、もしお分かりであれば教えて頂きたく問い合わせさせて頂きました。また北陸地整では上記歩掛が基準となっていると考えて良いのでしょうか。"
833c09ea-ec43-4ad3-8b32-358a3c5d8a64,"北陸地整歩掛の根拠資料は公開されていますか。"
833c09ea-ec43-4ad3-8b32-358a3c5d8a64,"UAVレーザ測量の北陸地整歩掛について知りたいです。"
833c09ea-ec43-4ad3-8b32-358a3c5d8a64,"北陸地整の機械経費計算式について教えてください。"
833c09ea-ec43-4ad3-8b32-358a3c5d8a64,"北陸地整のUAV測量歩掛は統一基準ですか。"
833c09ea-ec43-4ad3-8b32-358a3c5d8a64,"UAVレーザ測量歩掛の開示資料を知りたいです。"
a8a5b423-f680-408c-8276-d458f0d37d1f,"帳票上に歩掛・単価の「地区」「歩掛年度」「単価適用年月」を表示できますか。"
a8a5b423-f680-408c-8276-d458f0d37d1f,"印刷する帳票内容において、使用している歩掛・単価の「地区」・「歩掛年度」・「使用単価の年月」が表示されません。確認する上で上記の表示が欲しいのですが表示設定はあるのでしょうか？"
a8a5b423-f680-408c-8276-d458f0d37d1f,"帳票に歩掛年度を表示する方法を教えてください。"
a8a5b423-f680-408c-8276-d458f0d37d1f,"単価適用年月を帳票に表示できますか。"
a8a5b423-f680-408c-8276-d458f0d37d1f,"帳票に地区情報を出力する設定はありますか。"
a8a5b423-f680-408c-8276-d458f0d37d1f,"歩掛・単価情報を印刷帳票へ表示したいです。"
a8a5b423-f680-408c-8276-d458f0d37d1f,"使用単価の年月表示機能はありますか。"
37282314-ca52-4179-9073-99f7cf9f67ea,"明細表の項目の幅を変更することはできますか。"
37282314-ca52-4179-9073-99f7cf9f67ea,"印刷時、特に明細表の項目の幅を広げたいと思っています。現在は11mmにしたいため、明細表で4行削除して列の幅8.67を13.0にする等の修正をエクセル上でしています。変更できますか？"
37282314-ca52-4179-9073-99f7cf9f67ea,"明細表の列幅を変更したいです。"
37282314-ca52-4179-9073-99f7cf9f67ea,"帳票の項目幅を広げる設定はありますか。"
37282314-ca52-4179-9073-99f7cf9f67ea,"明細表の文字サイズ変更方法を教えてください。"
37282314-ca52-4179-9073-99f7cf9f67ea,"帳票出力設定で変更できる項目を知りたいです。"
37282314-ca52-4179-9073-99f7cf9f67ea,"代価（設計）タブの設定内容について教えてください。"
43746dca-ad39-434e-b93a-51b189db6e52,"重量平均の場合の帳票上での表記について教えてください。"
43746dca-ad39-434e-b93a-51b189db6e52,"道路詳細設計等で地形による変化率を２つ設定した場合、帳票で詳細の出力は可能でしょうか？（例：平地1km、山地5km）現設定だと重量平均しか表示されません。可能でしたら、設定方法をお教えください。"
43746dca-ad39-434e-b93a-51b189db6e52,"地形変化率の詳細を帳票に表示できますか。"
43746dca-ad39-434e-b93a-51b189db6e52,"重量平均時の内訳詳細を出力する方法はありますか。"
43746dca-ad39-434e-b93a-51b189db6e52,"平地1km・山地5kmのような詳細表示はできますか。"
43746dca-ad39-434e-b93a-51b189db6e52,"変化率を複数設定した場合の帳票表示について教えてください。"
43746dca-ad39-434e-b93a-51b189db6e52,"重量平均の詳細出力機能はありますか。"
17935845-ac46-4924-bb72-4055574320b6,"明細表（設計タイプ）の補正条件欄のフォントサイズは変更できますか。"
17935845-ac46-4924-bb72-4055574320b6,"明細表（設計）の最下部に補足説明が入る欄がございますが、文字も項目名も小さくて読みづらい物となってしまいます。何とか読み易く出来るよう文字のサイズを大きくするなどの対応を取りたいのですが、解決できる方法はございますか。恐れ入りますが、よろしくお願いいたします。"
17935845-ac46-4924-bb72-4055574320b6,"補正条件欄の文字サイズ変更方法を教えてください。"
17935845-ac46-4924-bb72-4055574320b6,"明細表下部の説明欄を読みやすくする方法はありますか。"
17935845-ac46-4924-bb72-4055574320b6,"変化率詳細のフォントサイズを変更できますか。"
17935845-ac46-4924-bb72-4055574320b6,"縮小して全体表示を解除する方法を教えてください。"
17935845-ac46-4924-bb72-4055574320b6,"帳票出力設定でフォントサイズを調整したいです。"
a9169dab-bbe7-4431-a2ee-6528d8e9daeb,"内訳表の備考欄に表示されていた直接人件費が表示されなくなりました。"
a9169dab-bbe7-4431-a2ee-6528d8e9daeb,"内訳書の備考欄で以前は直接人件費等が印刷できていたのですが、消えてしまったので直したいです。"
a9169dab-bbe7-4431-a2ee-6528d8e9daeb,"備考欄に直接人件費が表示されなくなった原因を教えてください。"
a9169dab-bbe7-4431-a2ee-6528d8e9daeb,"帳票の備考欄設定を初期化する方法を教えてください。"
a9169dab-bbe7-4431-a2ee-6528d8e9daeb,"内訳設定のチェック項目について知りたいです。"
a9169dab-bbe7-4431-a2ee-6528d8e9daeb,"備考欄が印刷されない場合の対処方法を教えてください。"
a9169dab-bbe7-4431-a2ee-6528d8e9daeb,"直接人件費表示を復旧する方法はありますか。"
7da2a585-f404-49cd-98df-00e5925ce91a,"チェック機能について教えてください。"
7da2a585-f404-49cd-98df-00e5925ce91a,"測量諸経費の中のチェックの【測量業務が複数計上されています。諸経費率を確認してください】にチェックが入っていました。わからず外したら消えてチェックが黄色になっていますが問題ありますか？どういう意味でしたか？"
7da2a585-f404-49cd-98df-00e5925ce91a,"測量業務が複数計上されていますの警告の意味を教えてください。"
7da2a585-f404-49cd-98df-00e5925ce91a,"諸経費率確認チェックとは何ですか。"
7da2a585-f404-49cd-98df-00e5925ce91a,"黄色チェックになっても問題ありませんか。"
7da2a585-f404-49cd-98df-00e5925ce91a,"全ての内訳の経費を対象にする設定について教えてください。"
7da2a585-f404-49cd-98df-00e5925ce91a,"測量諸経費チェックの解除方法を知りたいです。"
48e35a2a-11c1-4015-ba26-2600ed17d76c,"諸経費対象とならない項目がある場合、最低制限価格算出での扱いを教えてください。"
48e35a2a-11c1-4015-ba26-2600ed17d76c,"間接測量費に、諸経費対象額とならない例えば「謝礼金」の項目を設けた場合、通常積算には計上されますが、最低制限価格の計算を行った際、集計されません。この場合は、直接測量費の中に入れて「諸経費対象額」のみ外して計算するべきなのでしょうか？ご回答をお願いします。"
48e35a2a-11c1-4015-ba26-2600ed17d76c,"謝礼金が最低制限価格計算に含まれない理由を教えてください。"
48e35a2a-11c1-4015-ba26-2600ed17d76c,"最低制限価格の対象となる項目を知りたいです。"
48e35a2a-11c1-4015-ba26-2600ed17d76c,"諸経費対象外項目の設定方法を教えてください。"
48e35a2a-11c1-4015-ba26-2600ed17d76c,"謝礼金を最低制限価格対象にする方法はありますか。"
48e35a2a-11c1-4015-ba26-2600ed17d76c,"直接測量費に集計する必要がありますか。"
5fd607ca-f4d7-4b6a-9971-41deb89c5892,"補正を人件費単価に掛けると旅費交通費の対象額にズレが生じます。"
5fd607ca-f4d7-4b6a-9971-41deb89c5892,"補正係数を工員単価に掛けると旅費交通費等の直接人件費×率で金額をもとめるものが、補正係数を考慮しない数字となってしまいます。システムの不備等かと思いますのでご確認よろしくお願いいたします。"
5fd607ca-f4d7-4b6a-9971-41deb89c5892,"補正係数を掛けた際に旅費交通費へ反映されない理由を教えてください。"
5fd607ca-f4d7-4b6a-9971-41deb89c5892,"割増賃金部分が経費対象外になる仕様について知りたいです。"
5fd607ca-f4d7-4b6a-9971-41deb89c5892,"旅費交通費に補正分を含める設定方法を教えてください。"
5fd607ca-f4d7-4b6a-9971-41deb89c5892,"経費別集計タブの割増対象外チェックとは何ですか。"
5fd607ca-f4d7-4b6a-9971-41deb89c5892,"補正後の人件費を経費対象にする方法はありますか。"
6a5afea5-b4f6-4edc-9e42-ba67100aa0f1,"下水道歩掛の補正後の員数の端数処理について教えてください。"
6a5afea5-b4f6-4edc-9e42-ba67100aa0f1,"下水道の濃縮タンクを積算しています。今回補正が「4.568」と「0.15」の2種類あり、補正の端数処理は小数第3位、員数は小数第2位でどちらも四捨五入となっています。技師長の人工は0.5人なので、4.568×0.15×0.5では0.3426≒0.34だと思ったのですが、維津美では0.37と計上されるのはなぜでしょうか。推測ですが、0.5×0.15＝0.075≒0.08とし、0.08×4.568＝0.36544≒0.37にしているのでしょうか。その場合は上記の算定方法に直せますでしょうか。"
6a5afea5-b4f6-4edc-9e42-ba67100aa0f1,"補正が複数ある場合の端数処理順を教えてください。"
6a5afea5-b4f6-4edc-9e42-ba67100aa0f1,"補正係数4.568と0.15の計算順序を変更できますか。"
6a5afea5-b4f6-4edc-9e42-ba67100aa0f1,"補正の順番によって員数が変わる理由を知りたいです。"
6a5afea5-b4f6-4edc-9e42-ba67100aa0f1,"補正タブで計算順を変更する方法を教えてください。"
6a5afea5-b4f6-4edc-9e42-ba67100aa0f1,"補正後の員数が0.37になる理由を教えてください。"
6a5afea5-b4f6-4edc-9e42-ba67100aa0f1,"端数処理を0.34にする設定方法を知りたいです。"
cf706963-be13-4b3a-8c1d-98b4aabf4e4f,"積算開始をクリックするとエラーが発生し先に進めません。"
cf706963-be13-4b3a-8c1d-98b4aabf4e4f,"積算データを新しく作成、既存の積算データを編集をクリックするとエラーメッセージが表示され入力画面を表示できません。対処方法を教えてください。"
cf706963-be13-4b3a-8c1d-98b4aabf4e4f,"新規積算時にエラーが出る場合の対処方法を教えてください。"
cf706963-be13-4b3a-8c1d-98b4aabf4e4f,"既存積算データ編集時のエラー解消方法を知りたいです。"
cf706963-be13-4b3a-8c1d-98b4aabf4e4f,"インスタンスの停止2から開始2までの手順を教えてください。"
cf706963-be13-4b3a-8c1d-98b4aabf4e4f,"積算入力画面が表示されない原因を教えてください。"
cf706963-be13-4b3a-8c1d-98b4aabf4e4f,"データベースメンテナンスで復旧する方法はありますか。"
33abad5e-163a-4de4-abb1-fea84cdad997,"維津美をインストール中に再起動したところインストールメニュが表示されなくなりました。"
33abad5e-163a-4de4-abb1-fea84cdad997,"新しいPCにインストールしていましたが途中で再起動をしたらインストールメニューが出てこなくなりました。それまではインストール済みです。どのように操作すればいいかご教授ください。"
33abad5e-163a-4de4-abb1-fea84cdad997,"インストール途中で再起動した後の対処方法を教えてください。"
33abad5e-163a-4de4-abb1-fea84cdad997,"維津美V7のショートカットがある場合はどうすればよいですか。"
33abad5e-163a-4de4-abb1-fea84cdad997,"インストールメニューが表示されない時の対応方法を知りたいです。"
33abad5e-163a-4de4-abb1-fea84cdad997,"新規インストール用インストーラの入手方法を教えてください。"
33abad5e-163a-4de4-abb1-fea84cdad997,"セットアップウィザードを再実行する方法はありますか。"
d392c86b-075c-4a96-ac41-804fccd34f93,"維津美を最新版にアップデート出来ません。"
d392c86b-075c-4a96-ac41-804fccd34f93,"標記の件、積算システムを最新版(7.8.0.4)にアップデートしようとしましたが、コマンドプロンプトで『現在のディレクトリは無効です』というエラーメッセージが表示され、アップデートできない状況です。【経緯】一括自動更新を実施したところ、積算システムだけインストールできず。(歩掛・単価マスタはインストールできました)コマンドプロンプトが起動し、エラーメッセージが表示されました。【実施したこと】更新プログラムでアップデートを実施サポートページ内の更新プログラムをダウンロードし、個別でアップデートを実施しましたが、同様のエラーが表示されました。管理者アカウントで、アップデートを実施こちらも同様のエラーが表示されました。現バージョンをアンインストール→最新版をインストール現バージョンをアンインストール後、サポートページの新規インストール用をダウンロードし、実行。実行後、何も起動せずインストールされない。メッセージも表示されない。下記、インストールされているか確認Microsoft .Net Framework 4.8→既にインストール済みSql Server LocalDB 2017（8.1/10 64bit）→既にインストール済みSQL Server Compact 4.0 SP1(7/8.1/10 64Bit)→インストールされてなかったため、インストール確認後、更新プログラムを実行しましたがまたエラーが表示されてしまいました。対処方法をご教示ください。"
d392c86b-075c-4a96-ac41-804fccd34f93,"アップデート時に『現在のディレクトリは無効です』と表示されます。"
d392c86b-075c-4a96-ac41-804fccd34f93,"積算システムを最新版へ更新できない原因を知りたいです。"
d392c86b-075c-4a96-ac41-804fccd34f93,"一括自動更新で積算システムだけ失敗する場合の対処方法を教えてください。"
d392c86b-075c-4a96-ac41-804fccd34f93,"更新プログラム実行時のコマンドプロンプトエラーを解消したいです。"
d392c86b-075c-4a96-ac41-804fccd34f93,"最新版インストールが起動しない場合の対応方法を教えてください。"
5eabfe31-dbe9-4fb9-aa0b-47f9a01009d4,"マスタ選択やデータ保存先のダイアログの表示に時間が掛かるようになりました。"
5eabfe31-dbe9-4fb9-aa0b-47f9a01009d4,"維津美のデータを保存するときにファイルを保存する場所がでてくるまでに時間がかかったり動きが遅くなっています。（これは数ヶ月前からの現象です）解決方法をご教示ください。"
5eabfe31-dbe9-4fb9-aa0b-47f9a01009d4,"データ保存ダイアログの表示が遅い原因を教えてください。"
5eabfe31-dbe9-4fb9-aa0b-47f9a01009d4,"マスタ選択画面が重い場合の対処方法を知りたいです。"
5eabfe31-dbe9-4fb9-aa0b-47f9a01009d4,"デスクトップのショートカットが影響することはありますか。"
5eabfe31-dbe9-4fb9-aa0b-47f9a01009d4,"フォルダ設定のダイアログ設定とは何ですか。"
5eabfe31-dbe9-4fb9-aa0b-47f9a01009d4,"保存先選択の動作を軽くする方法を教えてください。"
cc0901f2-2ae8-4cbf-8179-20dc84cad897,"「構成システムを初期化できませんでした」というエラーが出て起動が出来ません。"
cc0901f2-2ae8-4cbf-8179-20dc84cad897,"現在維津美を利用しているパソコンで、「構成システムを初期化できませんでした」というエラーが発生しました。確認する限りでは、こちらのエラーは当社で前例がなく、対処法が不明です。対処法や原因について、ご教授いただけないでしょうか。お忙しいところ恐れ入りますが、ご確認のほどよろしくお願いいたします。"
cc0901f2-2ae8-4cbf-8179-20dc84cad897,"構成システムを初期化できませんでしたエラーの対処方法を教えてください。"
cc0901f2-2ae8-4cbf-8179-20dc84cad897,"設定ファイル不具合時の復旧方法を知りたいです。"
cc0901f2-2ae8-4cbf-8179-20dc84cad897,"Systemrunフォルダを削除する手順を教えてください。"
cc0901f2-2ae8-4cbf-8179-20dc84cad897,"維津美起動時エラーの原因を教えてください。"
cc0901f2-2ae8-4cbf-8179-20dc84cad897,"UserConfigフォルダ削除で改善できますか。"
2d49dccc-9a51-44e1-acae-55669f0f95dc,"マスタ変更や既存データの編集でファイル選択画面の表示に時間が掛かります。"
2d49dccc-9a51-44e1-acae-55669f0f95dc,"「単価マスタ」「歩掛マスタ」の変更や「既存の積算データを編集」を選択すると、データの選択画面に移行せずに画面が白く固まってしまい、1～2分程度経つと解消されデータ選択が可能になります。対応策はありますか。"
2d49dccc-9a51-44e1-acae-55669f0f95dc,"ファイル選択画面が白く固まる原因を教えてください。"
2d49dccc-9a51-44e1-acae-55669f0f95dc,"既存データ編集時に画面が固まる場合の対処方法を知りたいです。"
2d49dccc-9a51-44e1-acae-55669f0f95dc,"単価マスタ変更時の動作が遅いです。"
2d49dccc-9a51-44e1-acae-55669f0f95dc,"Windows標準ダイアログを使用する設定方法を教えてください。"
2d49dccc-9a51-44e1-acae-55669f0f95dc,"リンク切れショートカットが影響することはありますか。"
2d49dccc-9a51-44e1-acae-55669f0f95dc,"データ選択画面の表示速度を改善する方法を知りたいです。"
d2d8ec38-1df7-4d90-a229-156f8677d2ec,"項目配置画面で歩掛の一覧が表示されなくなりました。"
d2d8ec38-1df7-4d90-a229-156f8677d2ec,"項目配置画面で歩掛の一覧が表示されなくなりました。どのように対処したらよいでしょうか。"
d2d8ec38-1df7-4d90-a229-156f8677d2ec,"項目配置で歩掛一覧が空になる原因を教えてください。"
d2d8ec38-1df7-4d90-a229-156f8677d2ec,"都道府県を切り替えると改善しますか。"
d2d8ec38-1df7-4d90-a229-156f8677d2ec,"項目配置画面の表示不整合の直し方を知りたいです。"
d2d8ec38-1df7-4d90-a229-156f8677d2ec,"歩掛一覧が表示されない時の復旧方法を教えてください。"
3fb26a57-a1aa-4a44-a1a0-4b847621c8dd,"単価と歩掛が最新版をインストールしても更新されないのですが。"
3fb26a57-a1aa-4a44-a1a0-4b847621c8dd,"市場単価と歩掛が最新インストールをしても更新されません。何が原因でしょうか？"
3fb26a57-a1aa-4a44-a1a0-4b847621c8dd,"最新マスタをインストールしても反映されない原因を教えてください。"
3fb26a57-a1aa-4a44-a1a0-4b847621c8dd,"積算に使用する単価／歩掛マスタの切替方法を知りたいです。"
3fb26a57-a1aa-4a44-a1a0-4b847621c8dd,"既存積算データへ歩掛更新を反映する方法を教えてください。"
3fb26a57-a1aa-4a44-a1a0-4b847621c8dd,"マスタインストール後に必要な操作はありますか。"
3fb26a57-a1aa-4a44-a1a0-4b847621c8dd,"市場単価更新後に内訳へ反映されない場合の対処方法を知りたいです。"
7c5d6ec2-4039-4b5c-961e-81500773e7df,"項目配置画面でエラーが出て項目を計上出来ません。"
7c5d6ec2-4039-4b5c-961e-81500773e7df,"項目配置画面にて歩掛を選択後、「決定」ボタンを押すタイミングでエラーが発生します。対処方法についてご教示お願い致します。"
7c5d6ec2-4039-4b5c-961e-81500773e7df,"項目配置の決定ボタンでエラーが出る原因を教えてください。"
7c5d6ec2-4039-4b5c-961e-81500773e7df,"歩掛マスタを切り替えると改善しますか。"
7c5d6ec2-4039-4b5c-961e-81500773e7df,"項目配置エラーの解消方法を知りたいです。"
7c5d6ec2-4039-4b5c-961e-81500773e7df,"別バージョンの歩掛マスタへ変更する手順を教えてください。"
95b4b540-4aec-4621-b12d-6a5fa610c39a,"ネット認証で使用していたPCを新規に入れ替える際の手順を教えてください。"
95b4b540-4aec-4621-b12d-6a5fa610c39a,"社内使用しているパソコンが故障したため近々代替機パソコンを使用予定です。社内のパソコン管理番号は変わることありません。代替機パソコンで運用開始した場合、「維津美」使用開始する際の手順はどうすれば良いでしょうか。"
95b4b540-4aec-4621-b12d-6a5fa610c39a,"PC入れ替え時の維津美移行手順を教えてください。"
95b4b540-4aec-4621-b12d-6a5fa610c39a,"新しいPCへネット認証を設定する方法を知りたいです。"
95b4b540-4aec-4621-b12d-6a5fa610c39a,"SYSTEMRUN LicenseManagerのインストール方法を教えてください。"
95b4b540-4aec-4621-b12d-6a5fa610c39a,"代替機パソコンでの初期設定手順を知りたいです。"
95b4b540-4aec-4621-b12d-6a5fa610c39a,"歩掛マスタと単価マスタの再インストールは必要ですか。"
5765281e-2b9e-4cb3-b51c-57104a81e6a2,"歩掛マスタの編集方法について教えてください。"
5765281e-2b9e-4cb3-b51c-57104a81e6a2,"既存の歩掛マスタのファイルをコピーしてファイル名変更後、歩掛マスタの編集を行うと保護が掛かっていて編集できません。保護の解除の方法を教えて下さい。"
5765281e-2b9e-4cb3-b51c-57104a81e6a2,"歩掛マスタの保護を解除する方法はありますか。"
5765281e-2b9e-4cb3-b51c-57104a81e6a2,"既存歩掛を編集できない理由を教えてください。"
5765281e-2b9e-4cb3-b51c-57104a81e6a2,"歩掛マスタを編集するにはコピーが必要ですか。"
5765281e-2b9e-4cb3-b51c-57104a81e6a2,"コピーした歩掛マスタの編集手順を知りたいです。"
5765281e-2b9e-4cb3-b51c-57104a81e6a2,"既存項目に保護が掛かっているのはなぜですか。"
ef8b11fe-3568-4029-841b-1e706bce6de5,"キャッシュデータの削除について教えてください。"
ef8b11fe-3568-4029-841b-1e706bce6de5,"キャッシュデータと思しきファイル「C:Users[ユーザー名]DocumentsSystemrunIzumiV7Caches」がディスク容量を圧迫しているので定期的に整理したいと考えております。このデータは、単純にエクスプローラー上の操作でCachesフォルダの中のデータを削除して良いのでしょうか。あるいは、他に削除の方法がありましたらご教示いただけますと幸いです。以上、よろしくお願いいたします。"
ef8b11fe-3568-4029-841b-1e706bce6de5,"Cachesフォルダは削除しても問題ありませんか。"
ef8b11fe-3568-4029-841b-1e706bce6de5,"キャッシュフォルダの安全な削除方法を教えてください。"
ef8b11fe-3568-4029-841b-1e706bce6de5,"維津美のキャッシュを消去する方法を知りたいです。"
ef8b11fe-3568-4029-841b-1e706bce6de5,"ディスク容量を圧迫しているキャッシュの整理方法はありますか。"
ef8b11fe-3568-4029-841b-1e706bce6de5,"機能設定からキャッシュ削除する手順を教えてください。"
10114684-eea9-4af8-80ec-9788a690acff,"維津美を再インストールしたところネット認証でエラーが出るようになりました。"
10114684-eea9-4af8-80ec-9788a690acff,"パソコンのOSをWindows10からWindows11に更新したことにより、維津美を再インストールいたしました。「維津美V7積算システム（新規インストール用）」よりインストール「SYSTEMRUN LicenseManager インストーラー」もインストール端末の登録も行いました。その後維津美V7を起動したときにライセンス認証に失敗しましたとメッセージがでます。どのように対処するのか教えてください。"
10114684-eea9-4af8-80ec-9788a690acff,"再インストール後にネット認証が失敗する原因を教えてください。"
10114684-eea9-4af8-80ec-9788a690acff,"ライセンスIDの設定方法を知りたいです。"
10114684-eea9-4af8-80ec-9788a690acff,"ネット認証の設定手順を教えてください。"
10114684-eea9-4af8-80ec-9788a690acff,"認証方法をネット認証へ変更するにはどうすればいいですか。"
10114684-eea9-4af8-80ec-9788a690acff,"ライセンス認証設定画面で入力する内容を教えてください。"
f7e434d5-c015-4ffb-93cd-ee2784d006fa,"エラー103で認証が出来なくなりました。"
f7e434d5-c015-4ffb-93cd-ee2784d006fa,"少し前まで、積算ソフトを使用できていましたが急に「ライセンスが認証されていません」、エラー103とメッセージがでます。過去の質問回答をみながら幾つか試してみたのですが解消されません。どのように対処すればよいでしょうか。よろしくお願いいたします。"
f7e434d5-c015-4ffb-93cd-ee2784d006fa,"ライセンス未認証エラー103の対処方法を教えてください。"
f7e434d5-c015-4ffb-93cd-ee2784d006fa,"プロキシ設定が原因で認証エラーになることはありますか。"
f7e434d5-c015-4ffb-93cd-ee2784d006fa,"セキュリティソフトで通信が遮断されている可能性はありますか。"
f7e434d5-c015-4ffb-93cd-ee2784d006fa,"LicenseManagerの通信許可設定方法を知りたいです。"
f7e434d5-c015-4ffb-93cd-ee2784d006fa,"wss://izumi.license-manager.systemrun.co.jp/ws への通信許可は必要ですか。"
1e081347-273e-4feb-993d-b5c8b867e326,"「TooManyUsers」のエラーで認証が出来なくなりました。"
1e081347-273e-4feb-993d-b5c8b867e326,"「ネットワークキーの認証で以下のエラーが発生しました。　ログインエラー：TooManyUsers　」上記ポップアップの以降、維津美が起動できません。原因と対策を教えてください。"
1e081347-273e-4feb-993d-b5c8b867e326,"TooManyUsersエラーの意味を教えてください。"
1e081347-273e-4feb-993d-b5c8b867e326,"ネットワークキーの接続上限に達した場合の対処方法を知りたいです。"
1e081347-273e-4feb-993d-b5c8b867e326,"ライセンス数上限で認証できない時はどうすればいいですか。"
1e081347-273e-4feb-993d-b5c8b867e326,"ネットワークキーの抜き差しで改善することはありますか。"
1e081347-273e-4feb-993d-b5c8b867e326,"別の認証方法へ切り替える方法を教えてください。"
881f4718-a118-4390-85ce-047073962432,"ネット認証で「Login／応答チェック時エラー：通信エラー:x509」のエラーが出ます。"
881f4718-a118-4390-85ce-047073962432,"ネット認証で、Login／応答チェック時エラー：通信エラー:x509　と出て認証できません。こちらの設定不備でしょうか？"
881f4718-a118-4390-85ce-047073962432,"通信エラー:x509 の原因を教えてください。"
881f4718-a118-4390-85ce-047073962432,"UTMやSSLインスペクションが認証エラーの原因になることはありますか。"
881f4718-a118-4390-85ce-047073962432,"ネットワーク機器のホワイトリスト設定は必要ですか。"
881f4718-a118-4390-85ce-047073962432,"izumi.license-manager.systemrun.co.jp への通信許可設定方法を知りたいです。"
881f4718-a118-4390-85ce-047073962432,"client.exe の通信許可設定は必要ですか。"
cc9f91af-3525-4169-9a56-0c3c7e38c9f4,"Windows10⇒11にアップしたところキー認証がされなくなりました。"
cc9f91af-3525-4169-9a56-0c3c7e38c9f4,"使用PCをWindows10から11へアップしたところUSBキーが認識（認証）できなくなりました。対処方法を教えてください。"
cc9f91af-3525-4169-9a56-0c3c7e38c9f4,"Windows11へアップグレード後にUSBキー認証できなくなりました。"
cc9f91af-3525-4169-9a56-0c3c7e38c9f4,"HASPUserSetupのインストール方法を教えてください。"
cc9f91af-3525-4169-9a56-0c3c7e38c9f4,"USBキーのドライバ再インストール手順を知りたいです。"
cc9f91af-3525-4169-9a56-0c3c7e38c9f4,"キー認証が失敗する原因はドライバですか。"
cc9f91af-3525-4169-9a56-0c3c7e38c9f4,"HASPUserSetupを再インストールしても改善しない場合はどうすればいいですか。"
e06d0b26-4e13-4b78-a1e9-f884a64c7f60,"維津美の起動時に自動でネット認証が出来ない場合があります。"
e06d0b26-4e13-4b78-a1e9-f884a64c7f60,"以前は起動した際に認証された状態でしたが、最近は毎回認証されていない状態で起動されます。何か仕様が変わったのでしょうか？認証しようとすると端末登録されていませんとなることが頻繁にあります。何が原因でしょうか？"
e06d0b26-4e13-4b78-a1e9-f884a64c7f60,"毎回ネット認証が外れる原因を教えてください。"
e06d0b26-4e13-4b78-a1e9-f884a64c7f60,"端末登録されていませんと表示される理由は何ですか。"
e06d0b26-4e13-4b78-a1e9-f884a64c7f60,"USBメモリや外付けHDDが認証に影響することはありますか。"
e06d0b26-4e13-4b78-a1e9-f884a64c7f60,"内部ストレージ交換後に認証エラーになる原因を知りたいです。"
e06d0b26-4e13-4b78-a1e9-f884a64c7f60,"ネット認証の端末再登録方法を教えてください。"
cf620c57-afd7-4df9-a732-aef45dafbbd8,"ライセンスの認証方式について教えてください。"
cf620c57-afd7-4df9-a732-aef45dafbbd8,"弊社では、現在室内のPCにライセンスキーを設定し、室内の部員がネットワークを通じてライセンス認証を行って利用する形式を取っています。この方式を、例えば御社のサーバ？でライセンス認証する方式に変更することで、弊社の各出先の事務所から外部のネットワークを通じてライセンス認証を行う形に変更は出来るのでしょうか？現在、災害発生時に活動拠点を分散した場合の問題点を検討しています。維津美についても、社内ではなく、社外のネットワークを利用したライセンス認証について可能か不可能か確認させて頂きたく質問した次第です。ご回答"
cf620c57-afd7-4df9-a732-aef45dafbbd8,"社外ネットワークからライセンス認証する方法はありますか。"
cf620c57-afd7-4df9-a732-aef45dafbbd8,"外出先や拠点先から維津美を利用できますか。"
cf620c57-afd7-4df9-a732-aef45dafbbd8,"ネット認証へ変更すると社外利用は可能になりますか。"
cf620c57-afd7-4df9-a732-aef45dafbbd8,"災害時に分散拠点から利用できる認証方式を知りたいです。"
cf620c57-afd7-4df9-a732-aef45dafbbd8,"インターネット経由のネット認証について教えてください。"
69a289e2-f569-4674-9e2f-5cbdc13c12ed,"認証方法をネット認証に切替える際の手続きについて教えてください。"
69a289e2-f569-4674-9e2f-5cbdc13c12ed,"ライセンス認証について、現在USBキーでの認証なのですがネットワーク認証に変更したいと思います。手続き方法をお教えください。よろしくお願いいたします。"
69a289e2-f569-4674-9e2f-5cbdc13c12ed,"USB認証からネット認証へ変更する方法を教えてください。"
69a289e2-f569-4674-9e2f-5cbdc13c12ed,"ネット認証への切替費用はいくらですか。"
69a289e2-f569-4674-9e2f-5cbdc13c12ed,"USBプロテクトキー返却は必要ですか。"
69a289e2-f569-4674-9e2f-5cbdc13c12ed,"ネット認証への移行時に必要な設定を知りたいです。"
69a289e2-f569-4674-9e2f-5cbdc13c12ed,"Wi-Fi環境があればどこでも利用できますか。"
ca1db796-f8cd-4306-bf1b-aed37b5eef72,"ネットワークキーを使用中のPC情報の確認方法を教えてください。"
ca1db796-f8cd-4306-bf1b-aed37b5eef72,"ネットワークライセンスの使用中のPC情報を確認する方法を教えて頂きたいと思います。宜しくお願いします。"
ca1db796-f8cd-4306-bf1b-aed37b5eef72,"ネットワークキー利用中のPC一覧を確認する方法はありますか。"
ca1db796-f8cd-4306-bf1b-aed37b5eef72,"Sentinel Keys画面の開き方を教えてください。"
ca1db796-f8cd-4306-bf1b-aed37b5eef72,"localhost:1947 で確認できる内容を知りたいです。"
ca1db796-f8cd-4306-bf1b-aed37b5eef72,"ネットワークキーの接続先PCを特定する方法を教えてください。"
ca1db796-f8cd-4306-bf1b-aed37b5eef72,"Sessions画面で確認できる情報は何ですか。"
90d931b4-7a70-43c7-9eb8-bf5f4c9f8c36,"ネット認証はシングルサインオンに対応していますか。"
90d931b4-7a70-43c7-9eb8-bf5f4c9f8c36,"ネット認証（オンライン認証）は、SSO対応（HENGEを介して等）しておりますでしょうか。よろしくお願い申し上げます。"
90d931b4-7a70-43c7-9eb8-bf5f4c9f8c36,"ネット認証はSSOに対応していますか"
90d931b4-7a70-43c7-9eb8-bf5f4c9f8c36,"オンライン認証でシングルサインオンは利用できますか"
90d931b4-7a70-43c7-9eb8-bf5f4c9f8c36,"HENNGE One経由でログインできますか"
90d931b4-7a70-43c7-9eb8-bf5f4c9f8c36,"SSO認証に対応していますか"
90d931b4-7a70-43c7-9eb8-bf5f4c9f8c36,"シングルサインオンで認証できますか"
3b88c66b-8560-4f41-83ce-9603417c68a0,"ネット認証の仕様について教えてください。"
3b88c66b-8560-4f41-83ce-9603417c68a0,"ネット認証ですが、維津美を起動してライセンスのネット認証の後は維津美を起動している間、ネット上の暗号キーを参照している（オンラインでつながっている）のでしょうか。よろしくお願い申し上げます。"
3b88c66b-8560-4f41-83ce-9603417c68a0,"ネット認証中は常時オンライン接続されていますか"
3b88c66b-8560-4f41-83ce-9603417c68a0,"認証後もサーバー通信は続きますか"
3b88c66b-8560-4f41-83ce-9603417c68a0,"ネット認証の通信仕様を教えてください"
3b88c66b-8560-4f41-83ce-9603417c68a0,"オフラインになると認証解除されますか"
3b88c66b-8560-4f41-83ce-9603417c68a0,"ライセンス認証中は常に通信していますか"
982e63e9-550b-4a16-ae1c-f1039ffea951,"ネット認証時に「操作がタイムアウトしました。」というエラーが発生するようになりました。"
982e63e9-550b-4a16-ae1c-f1039ffea951,"ログイン時に「Login／リクエスト送信時接続エラー：操作がタイムアウトしました。」のエラーが１月ほど前から出るようになりました。解決方法についてご教授頂けますでしょうか。"
982e63e9-550b-4a16-ae1c-f1039ffea951,"ログイン時にタイムアウトエラーが出ます"
982e63e9-550b-4a16-ae1c-f1039ffea951,"リクエスト送信時接続エラーの対処方法を教えてください"
982e63e9-550b-4a16-ae1c-f1039ffea951,"ネット認証で接続エラーになります"
982e63e9-550b-4a16-ae1c-f1039ffea951,"Loginエラーが発生します"
982e63e9-550b-4a16-ae1c-f1039ffea951,"操作がタイムアウトしましたと表示されます"
c8d50bfa-050a-43bd-a4bf-d2c8084813c3,"ネット認証を開始する手順について教えてください。"
c8d50bfa-050a-43bd-a4bf-d2c8084813c3,"ネット認証の仕方がわかりません。よろしくお願いいたします。"
c8d50bfa-050a-43bd-a4bf-d2c8084813c3,"ネット認証の設定方法を教えてください"
c8d50bfa-050a-43bd-a4bf-d2c8084813c3,"オンライン認証の始め方を教えてください"
c8d50bfa-050a-43bd-a4bf-d2c8084813c3,"ネット認証を利用する手順を知りたい"
c8d50bfa-050a-43bd-a4bf-d2c8084813c3,"SYSTEMRUN LicenseManagerの設定方法を教えてください"
c8d50bfa-050a-43bd-a4bf-d2c8084813c3,"ネット認証の登録方法を教えてください"
68972cef-1eec-4859-bf8a-fd9091468d18,"削除の×ボタンを再表示させることはできますか。"
68972cef-1eec-4859-bf8a-fd9091468d18,"質問させて頂きます。維津美システムの前バージョンまでは赤い×印で集計行や歩掛行が削除できましたが、新しいバージョンでも赤い×印を表示させて行の削除を行うことは可能でしょうか。可能でしたらその設定方法をお教え下さい。"
68972cef-1eec-4859-bf8a-fd9091468d18,"赤い×ボタンを表示したい"
68972cef-1eec-4859-bf8a-fd9091468d18,"削除ボタンを再表示する方法を教えてください"
68972cef-1eec-4859-bf8a-fd9091468d18,"行削除の×印が表示されません"
68972cef-1eec-4859-bf8a-fd9091468d18,"集計行の削除ボタンを表示できますか"
68972cef-1eec-4859-bf8a-fd9091468d18,"歩掛行の削除ボタンが消えました"
eebad244-4318-479a-8b2f-74aa2b7c6abc,"会社情報（社名・住所等）が変更になった場合の対応について教えてください。"
eebad244-4318-479a-8b2f-74aa2b7c6abc,"この度社名及び住所が変更になりましたので、手続きについて教えてください。"
eebad244-4318-479a-8b2f-74aa2b7c6abc,"会社情報の変更手続きを教えてください"
eebad244-4318-479a-8b2f-74aa2b7c6abc,"社名変更の登録方法を教えてください"
eebad244-4318-479a-8b2f-74aa2b7c6abc,"住所変更はどこから行いますか"
eebad244-4318-479a-8b2f-74aa2b7c6abc,"法人情報の修正方法を知りたい"
eebad244-4318-479a-8b2f-74aa2b7c6abc,"会社情報を更新したい"
dc175e69-4358-4aa2-8c7f-73161e000724,"変更設計時に請負率を変更する方法を教えてください。"
dc175e69-4358-4aa2-8c7f-73161e000724,"変更設計をしております。変更積算を入力した後に元の請負額（請負率）を修正したいのですが方法はないでしょうか？ご教授ください。"
dc175e69-4358-4aa2-8c7f-73161e000724,"変更後に請負率を修正できますか"
dc175e69-4358-4aa2-8c7f-73161e000724,"変更積算後に請負率を変更したい"
dc175e69-4358-4aa2-8c7f-73161e000724,"請負率の修正方法を教えてください"
dc175e69-4358-4aa2-8c7f-73161e000724,"変更設計後に請負額を変更できますか"
dc175e69-4358-4aa2-8c7f-73161e000724,"元の請負率を修正したい"
2ac8b433-f97c-4ba3-b55c-851d773508df,"補正値を直接指定する方法を教えてください。"
2ac8b433-f97c-4ba3-b55c-851d773508df,"道路詳細設計（A)の添付の積算を行いたい場合、補正において「車線数混在割増率」および「単断面・複断面混在時割増率」を指定値で行いたい場合、どのような操作を行えばいいのか教えて頂きたい。尚、混在の根拠（延長）は不明で率のみが提示されています。宜しくお願い致します。"
2ac8b433-f97c-4ba3-b55c-851d773508df,"補正率を直接入力したい"
2ac8b433-f97c-4ba3-b55c-851d773508df,"割増率を指定値で設定する方法を教えてください"
2ac8b433-f97c-4ba3-b55c-851d773508df,"車線数混在割増率を手入力したい"
2ac8b433-f97c-4ba3-b55c-851d773508df,"単断面複断面混在時割増率を直接指定できますか"
2ac8b433-f97c-4ba3-b55c-851d773508df,"変化率の算出式を変更したい"
d70f1add-c91c-4567-b78a-2a5ab74ab1f1,"消費税対象外項目の計上方法を教えてください。"
d70f1add-c91c-4567-b78a-2a5ab74ab1f1,"消費税対象外となる項目（申請手数料等）は、どのように設定・配置したら良いでしょうか？"
d70f1add-c91c-4567-b78a-2a5ab74ab1f1,"消費税がかからない項目を設定したい"
d70f1add-c91c-4567-b78a-2a5ab74ab1f1,"申請手数料を消費税対象外で計上したい"
d70f1add-c91c-4567-b78a-2a5ab74ab1f1,"非課税項目の入力方法を教えてください"
d70f1add-c91c-4567-b78a-2a5ab74ab1f1,"消費税対象外の費用を配置できますか"
d70f1add-c91c-4567-b78a-2a5ab74ab1f1,"税対象外項目の設定方法を知りたい"
4f667d48-b901-49e4-9d60-a3a2e12a826f,"直接人件費として直接金額を計上する方法を教えてください。"
4f667d48-b901-49e4-9d60-a3a2e12a826f,"人件費が一式〇円と公表されている項目がある場合、人件費として内訳に直入力する方法があればご教示ください（αβに自動集計反映できる）。"
4f667d48-b901-49e4-9d60-a3a2e12a826f,"人件費を直接入力したい"
4f667d48-b901-49e4-9d60-a3a2e12a826f,"一式人件費を計上する方法を教えてください"
4f667d48-b901-49e4-9d60-a3a2e12a826f,"直接金額で人件費を登録できますか"
4f667d48-b901-49e4-9d60-a3a2e12a826f,"一時工員の追加方法を教えてください"
4f667d48-b901-49e4-9d60-a3a2e12a826f,"人件費を内訳へ直入力したい"
2b917ab8-8cb1-4806-98e1-3e59f0000f82,"複数項目の一括移動方法を教えてください。"
2b917ab8-8cb1-4806-98e1-3e59f0000f82,"項目の順番を入れ替え（移動）したい場合に1個づつの移動は出来ますが、複数選択の移動は可能なのでしょうか？別紙の添付のように15個程度をまとめて上に移動したいケースはどのようにすればよいか教えて頂ければと思います。宜しくお願い致します。"
2b917ab8-8cb1-4806-98e1-3e59f0000f82,"複数行をまとめて移動したい"
2b917ab8-8cb1-4806-98e1-3e59f0000f82,"項目を一括で並び替える方法を教えてください"
2b917ab8-8cb1-4806-98e1-3e59f0000f82,"複数選択して移動できますか"
2b917ab8-8cb1-4806-98e1-3e59f0000f82,"まとめて上に移動したい"
2b917ab8-8cb1-4806-98e1-3e59f0000f82,"切り取り貼り付けで移動する方法を知りたい"
b630603a-c3cb-46a3-9b76-5af71ea55936,"業務毎に作成したデータを１つのデータに纏める方法を教えてください。"
b630603a-c3cb-46a3-9b76-5af71ea55936,"「設計業務」「地質業務」「測量業務」とそれぞれ別に作成した積算データを一つの積算データに合成する（取りこむ）ことは可能でしょうか。"
b630603a-c3cb-46a3-9b76-5af71ea55936,"積算データを統合したい"
b630603a-c3cb-46a3-9b76-5af71ea55936,"別業務のデータを取り込みできますか"
b630603a-c3cb-46a3-9b76-5af71ea55936,"設計業務に地質業務を追加したい"
b630603a-c3cb-46a3-9b76-5af71ea55936,"複数の積算データをまとめる方法を教えてください"
b630603a-c3cb-46a3-9b76-5af71ea55936,"業務データのコピー貼り付け方法を知りたい"
c0f0d441-2ffe-4994-b94a-ea6f46730408,"港湾の調査船等の重油の単価の変更方法を教えてください。"
c0f0d441-2ffe-4994-b94a-ea6f46730408,"調査船・測量船・観測船　1名船員の中の重油単価を任意の単価に変更したいです。数字を変えることはできますが反映されません。変更の方法がありましたらご教示お願いいたします。"
c0f0d441-2ffe-4994-b94a-ea6f46730408,"重油単価を変更したい"
c0f0d441-2ffe-4994-b94a-ea6f46730408,"燃料費の単価が反映されません"
c0f0d441-2ffe-4994-b94a-ea6f46730408,"重油Aの単価を任意設定したい"
c0f0d441-2ffe-4994-b94a-ea6f46730408,"調査船の重油価格を変更できますか"
c0f0d441-2ffe-4994-b94a-ea6f46730408,"燃料単価の変更方法を教えてください"
1748c1ba-191a-43f3-846e-c8e76e734f20,"変更積算時に工員単価の年度を新年度に更新する方法を教えてください。"
1748c1ba-191a-43f3-846e-c8e76e734f20,"変更の見積書を作成する際に、新たに追加となった作業項目のみ工員単価を変更したい場合はどのように設定を行えばよいでしょうか。　当初見積工員単価：「R5/3」を使用しております。　追加見積工員単価：「R6/3」を使用したいと考えております。お忙しいところ大変恐縮ですが、ご教示の程よろしくお願いいたします。"
1748c1ba-191a-43f3-846e-c8e76e734f20,"追加項目だけ工員単価を変更したい"
1748c1ba-191a-43f3-846e-c8e76e734f20,"変更積算で新年度単価を使う方法を教えてください"
1748c1ba-191a-43f3-846e-c8e76e734f20,"R6単価へ更新する方法を知りたい"
1748c1ba-191a-43f3-846e-c8e76e734f20,"配置済み項目はそのままで単価更新できますか"
1748c1ba-191a-43f3-846e-c8e76e734f20,"追加工種のみ単価年度を変更したい"
89b4fff3-1c76-427f-be51-60debc2ad178,"工程単価の端数処理方法について教えてください。"
89b4fff3-1c76-427f-be51-60debc2ad178,"印刷すると端数設定が現在、測量は上位４桁、設計はフル桁になっているのですが、全工種フル桁にしたい時はどこを変更すればよいですか？また全ての見積もりの条件と採用するとき登録できますか？"
89b4fff3-1c76-427f-be51-60debc2ad178,"工程単価をフル桁表示したい"
89b4fff3-1c76-427f-be51-60debc2ad178,"端数処理設定の変更方法を教えてください"
89b4fff3-1c76-427f-be51-60debc2ad178,"測量の端数設定を変更したい"
89b4fff3-1c76-427f-be51-60debc2ad178,"全工種をフル桁に設定できますか"
89b4fff3-1c76-427f-be51-60debc2ad178,"工程単価の未満桁処理を変更したい"
c4765c4d-5f79-4d52-aae6-2d1ffc3ac8b4,"調整額の表示方法について教えてください。"
c4765c4d-5f79-4d52-aae6-2d1ffc3ac8b4,"一般管理費の調整額について、通常は「内含しない」を採用しているのですが都合により調整額の行を削除しました。もう一度表示したい場合、ブックマークをクリックしても調整額のタブが表示されません。どうしたら再表示できますか。よろしくお願いいたします。"
c4765c4d-5f79-4d52-aae6-2d1ffc3ac8b4,"調整額を再表示したい"
c4765c4d-5f79-4d52-aae6-2d1ffc3ac8b4,"値引き調整額の表示方法を教えてください"
c4765c4d-5f79-4d52-aae6-2d1ffc3ac8b4,"削除した調整額を戻したい"
c4765c4d-5f79-4d52-aae6-2d1ffc3ac8b4,"一般管理費の調整額が表示されません"
c4765c4d-5f79-4d52-aae6-2d1ffc3ac8b4,"調整額タブが消えました"
44fc0bec-0062-44e7-a62f-cbd7a8e31bda,"成果検定費の単価年度の設定について教えてください。"
44fc0bec-0062-44e7-a62f-cbd7a8e31bda,"成果検定費タグ選択時に初めて右上の単価設定できるのかと思いますが、初期画面で使用単価設定できる場所はあるのでしょうか？"
44fc0bec-0062-44e7-a62f-cbd7a8e31bda,"成果検定費の単価設定はどこですか"
44fc0bec-0062-44e7-a62f-cbd7a8e31bda,"成果検定費の年度設定方法を教えてください"
44fc0bec-0062-44e7-a62f-cbd7a8e31bda,"成果検定費の単価を変更したい"
44fc0bec-0062-44e7-a62f-cbd7a8e31bda,"成果検定費の設定画面はどこですか"
44fc0bec-0062-44e7-a62f-cbd7a8e31bda,"初期画面で成果検定費単価を設定できますか"
baf7f711-0b18-41c3-bfbb-a4fe9f3f43a3,"その他原価の対象となる直接人件費の端数処理について教えてください。"
baf7f711-0b18-41c3-bfbb-a4fe9f3f43a3,"集計行で端数調整した金額を直人として扱いたいのですが、その他原価は集計行の金額を読みません。なにか方法はありますでしょうか。"
baf7f711-0b18-41c3-bfbb-a4fe9f3f43a3,"端数調整後の金額をその他原価対象にしたい"
baf7f711-0b18-41c3-bfbb-a4fe9f3f43a3,"その他原価が集計行を参照しません"
baf7f711-0b18-41c3-bfbb-a4fe9f3f43a3,"直接人件費の端数処理方法を変更したい"
baf7f711-0b18-41c3-bfbb-a4fe9f3f43a3,"計算対象調整額を直接入力できますか"
baf7f711-0b18-41c3-bfbb-a4fe9f3f43a3,"人件費端数を指定桁に設定したい"
7836fc28-a5c2-4585-a19e-9d769ed5fb5e,"最低制限価格の端数処理設定について教えてください。"
7836fc28-a5c2-4585-a19e-9d769ed5fb5e,"設計業務の最低制限価格計算式で直接人件費＋直接経費＋（その他原価×0.9で円未満切り捨て）＋（一般管理費×0.5で円未満切り捨て）として算出したいのですが、方法はありますか？システムの計算式は（直接人件費＋直接経費＋（その他原価×0.9）＋（一般管理費×0.5））の合計から円未満切り捨てとなり、最大１円の誤差が生じます。"
7836fc28-a5c2-4585-a19e-9d769ed5fb5e,"最低制限価格の端数処理を変更したい"
7836fc28-a5c2-4585-a19e-9d769ed5fb5e,"その他原価を円未満切り捨てしたい"
7836fc28-a5c2-4585-a19e-9d769ed5fb5e,"一般管理費を個別に端数処理したい"
7836fc28-a5c2-4585-a19e-9d769ed5fb5e,"最低制限価格算出式を編集できますか"
7836fc28-a5c2-4585-a19e-9d769ed5fb5e,"制限価格計算式の変更方法を教えてください"
a478cbc4-e32a-4a6f-a13f-223bcaebbe82,"独自歩掛の作成方法を教えてください。"
a478cbc4-e32a-4a6f-a13f-223bcaebbe82,"積算にない項目の追加の方法がわかりません。教えていただけますでしょうか。"
a478cbc4-e32a-4a6f-a13f-223bcaebbe82,"独自項目を追加したい"
a478cbc4-e32a-4a6f-a13f-223bcaebbe82,"一時歩掛行の作成方法を教えてください"
a478cbc4-e32a-4a6f-a13f-223bcaebbe82,"歩掛マスタにない歩掛を登録したい"
a478cbc4-e32a-4a6f-a13f-223bcaebbe82,"オリジナル歩掛を作成できますか"
a478cbc4-e32a-4a6f-a13f-223bcaebbe82,"作業項目を追加する方法を知りたい"
42dc89f2-d876-4c06-b817-9995328bd392,"最低制限価格の合計額に対する端数処理方法を教えてください。"
42dc89f2-d876-4c06-b817-9995328bd392,"最低制限価格一覧表の合計において未満桁処理と処理方法を設定する手順をお教え願います。"
42dc89f2-d876-4c06-b817-9995328bd392,"最低制限価格の合計端数処理を設定したい"
42dc89f2-d876-4c06-b817-9995328bd392,"最低制限価格一覧表の端数設定方法を教えてください"
42dc89f2-d876-4c06-b817-9995328bd392,"合計額の未満桁処理を変更したい"
42dc89f2-d876-4c06-b817-9995328bd392,"予想最低制限価格の端数処理設定はどこですか"
42dc89f2-d876-4c06-b817-9995328bd392,"最低制限価格の丸め設定を変更したい"
53353182-e5ea-467a-baf8-428157187032,"各歩掛毎に工程単価を端数処理する方法を教えて下さい。"
53353182-e5ea-467a-baf8-428157187032,"端数処理の設定方法が分からないため、設定方法を教えていただけないでしょうか。単位数量当りの場合（単位がkmやkm2等）の場合は有効数字４桁の処理を行い、それ以外の場合（単位が式、業務）は端数処理をしない設定としたいです。"
53353182-e5ea-467a-baf8-428157187032,"歩掛ごとに端数処理を変更したい"
53353182-e5ea-467a-baf8-428157187032,"工程単価の個別端数設定方法を教えてください"
53353182-e5ea-467a-baf8-428157187032,"単位が式の場合は端数処理しない設定にしたい"
53353182-e5ea-467a-baf8-428157187032,"有効数字4桁設定について知りたい"
53353182-e5ea-467a-baf8-428157187032,"端数処理タブの使い方を教えてください"
906b76f5-82f9-4a55-94cd-c75bb64138b3,"チェック機能にてブックマークを通常の緑色に戻す方法を教えてください。"
906b76f5-82f9-4a55-94cd-c75bb64138b3,"維津美の内訳書画面でチェックマークをクリックしたら通常の緑ではなく赤や黄色のマークに変わり、各項目の歩掛編集画面を選択すると最初に注釈画面が表示されることがあります。通常の緑のマークに戻すにはどのようにすればよいでしょうか？ご指導お願いします。"
906b76f5-82f9-4a55-94cd-c75bb64138b3,"ブックマークが赤色になりました"
906b76f5-82f9-4a55-94cd-c75bb64138b3,"チェックマークを緑に戻せますか"
906b76f5-82f9-4a55-94cd-c75bb64138b3,"黄色のチェックマークの意味を教えてください"
906b76f5-82f9-4a55-94cd-c75bb64138b3,"注釈画面が毎回表示されます"
906b76f5-82f9-4a55-94cd-c75bb64138b3,"チェック機能の使い方を知りたい"
f8348c26-7dc0-4191-a6a1-24ea03be888f,"機械経費などの経費に直接金額を設定する方法を教えてください。"
f8348c26-7dc0-4191-a6a1-24ea03be888f,"機械経費及び精度管理費について直接金額を入力する方法はありますか？"
f8348c26-7dc0-4191-a6a1-24ea03be888f,"機械経費を直接入力したい"
f8348c26-7dc0-4191-a6a1-24ea03be888f,"精度管理費へ直接金額を設定できますか"
f8348c26-7dc0-4191-a6a1-24ea03be888f,"経費の算出式を編集したい"
f8348c26-7dc0-4191-a6a1-24ea03be888f,"経費金額を固定値に変更したい"
f8348c26-7dc0-4191-a6a1-24ea03be888f,"機械経費を任意金額に設定したい"
45f9e408-40b2-4266-a3cc-6e2728a6b812,"機能設定で「自動で集計行を設定する」の設定にも関わらず集計行が追加されません。"
45f9e408-40b2-4266-a3cc-6e2728a6b812,"機能設定の基本設定にある、自動で集計行を設定するにチェックをしてますが集計行が追加されません。別のＰＣでは追加されるのですが、基本設定以外に設定はありますか？"
45f9e408-40b2-4266-a3cc-6e2728a6b812,"自動で集計行を設定するが動作しません"
45f9e408-40b2-4266-a3cc-6e2728a6b812,"集計行が自動追加されません"
45f9e408-40b2-4266-a3cc-6e2728a6b812,"項目配置時に集計行を自動配置したい"
45f9e408-40b2-4266-a3cc-6e2728a6b812,"省庁工種種別のチェックとは何ですか"
45f9e408-40b2-4266-a3cc-6e2728a6b812,"集計行の自動設定方法を教えてください"
56670a33-3af5-44a0-b4b7-97501cc2ff0e,"該当項目の単価のみを確認する方法を教えてください。"
56670a33-3af5-44a0-b4b7-97501cc2ff0e,"特定の業務積算ではなく、消耗品費等の単価のみを確認及び出力したい場合の方法についてご教示いただけないしょうか？"
56670a33-3af5-44a0-b4b7-97501cc2ff0e,"消耗品費の単価一覧を確認したい"
56670a33-3af5-44a0-b4b7-97501cc2ff0e,"部材単価を確認する方法を教えてください"
56670a33-3af5-44a0-b4b7-97501cc2ff0e,"単価更新画面で単価を確認したい"
56670a33-3af5-44a0-b4b7-97501cc2ff0e,"単価だけ確認できますか"
56670a33-3af5-44a0-b4b7-97501cc2ff0e,"消耗品単価を出力できますか"
f9bfab02-3249-48a5-9c02-e4ff85457c3d,"変更積算時の単価更新について教えてください。"
f9bfab02-3249-48a5-9c02-e4ff85457c3d,"変更時に、一部分のみ単価（R5単価→R6単価）を更新したいときに2段で表示することは可能でしょうか？別行でR5単価とR6単価を表示するやり方は実施できるのですが、変更前後で上下にて表示できる方法があったら知りたいです。"
f9bfab02-3249-48a5-9c02-e4ff85457c3d,"一部分のみR6単価へ更新したい"
f9bfab02-3249-48a5-9c02-e4ff85457c3d,"変更前後で上下表示できますか"
f9bfab02-3249-48a5-9c02-e4ff85457c3d,"R5とR6単価を2段表示したい"
f9bfab02-3249-48a5-9c02-e4ff85457c3d,"一部代価のみ単価更新できますか"
f9bfab02-3249-48a5-9c02-e4ff85457c3d,"変更積算で単価年度を分けたい"
bdc588f9-1b7f-4b35-8518-58dbcd6828ef,"項目配置画面での歩掛の判別方法を教えてください。"
bdc588f9-1b7f-4b35-8518-58dbcd6828ef,"例えば港湾局で「関連検討事項」図面の作成を検索すると２つ出てきます。「高度の技術判定」「一般的な技術判定」をこの時点で見極めるにはどのようにすればよろしいでしょうか？"
bdc588f9-1b7f-4b35-8518-58dbcd6828ef,"検索結果の歩掛の違いを確認したい"
bdc588f9-1b7f-4b35-8518-58dbcd6828ef,"高度の技術判定か一般的技術判定か見分けたい"
bdc588f9-1b7f-4b35-8518-58dbcd6828ef,"項目配置画面で詳細を確認する方法を教えてください"
bdc588f9-1b7f-4b35-8518-58dbcd6828ef,"ツリー構成を確認したい"
bdc588f9-1b7f-4b35-8518-58dbcd6828ef,"歩掛の判別方法を知りたい"
ec9850cc-da25-4e7c-8183-8397a66b632e,"港湾局の業務成果品費の設定について教えてください。"
ec9850cc-da25-4e7c-8183-8397a66b632e,"港湾局で「業務成果品（細部設計）」を経費追加で計算したいのですが、計算式（赤本）による（1.3%＋（印刷製本部数×0.5%））のうち、印刷製本が0部の場合どのようにすればよろしいでしょうか？"
ec9850cc-da25-4e7c-8183-8397a66b632e,"印刷製本部数を0部に設定したい"
ec9850cc-da25-4e7c-8183-8397a66b632e,"業務成果品費の印刷製本部数設定方法を教えてください"
ec9850cc-da25-4e7c-8183-8397a66b632e,"港湾局の成果品費率を変更したい"
ec9850cc-da25-4e7c-8183-8397a66b632e,"印刷製本なしで成果品費を計算したい"
ec9850cc-da25-4e7c-8183-8397a66b632e,"業務成果品費率の設定場所を知りたい"
c682a01a-4d7c-43ba-9ad2-dbed07e1b3f3,"経費追加画面から電子成果品作成費を追加できないのですが。"
c682a01a-4d7c-43ba-9ad2-dbed07e1b3f3,"標記の件について質問いたします。地質解析業務において「電子成果品作成費（概略・予備・詳細設計）」を選択しようとしたところ、項目を配置することができませんでした。その際、「電子成果品作成費（概略・予備・詳細設計）はすでに配置されています」と表示されましたが、積算には反映されておりません。つきましては、対応方法をご教示ください。お手数をおかけしますが、ご回答のほどよろしくお願いいたします。"
c682a01a-4d7c-43ba-9ad2-dbed07e1b3f3,"電子成果品作成費を追加できません"
c682a01a-4d7c-43ba-9ad2-dbed07e1b3f3,"既に配置されていますと表示されます"
c682a01a-4d7c-43ba-9ad2-dbed07e1b3f3,"電子成果品作成費が表示されません"
c682a01a-4d7c-43ba-9ad2-dbed07e1b3f3,"経費別集計の設定方法を教えてください"
c682a01a-4d7c-43ba-9ad2-dbed07e1b3f3,"直接経費へ再表示したい"
4ce0f26c-75df-4fad-998a-a0b6072651a5,"代価内で全ての作業を対象とした経費の算出方法を教えてください。"
4ce0f26c-75df-4fad-998a-a0b6072651a5,"1つの代価集計内で経費項目を作業ごとではなくまとめて計算することは可能でしょうか？作業は項目ごとに分けたまま行いたいです。有効数字の関係で金額に差が出てきてしまうのでご相談させていただきました。"
4ce0f26c-75df-4fad-998a-a0b6072651a5,"経費を作業別ではなく合算で計算したい"
4ce0f26c-75df-4fad-998a-a0b6072651a5,"経費の計算対象をまとめたい"
4ce0f26c-75df-4fad-998a-a0b6072651a5,"共通設定のチェック項目について教えてください"
4ce0f26c-75df-4fad-998a-a0b6072651a5,"経費計算方法を変更したい"
4ce0f26c-75df-4fad-998a-a0b6072651a5,"作業別経費計算を解除したい"
d0e5c0e3-7892-4726-901f-a2a767571df5,"夜間作業割増の設定方法について教えてください。"
d0e5c0e3-7892-4726-901f-a2a767571df5,"いつも大変お世話様になっております夜間作業単価変更について質問いたします。夜間作業の割増し基準日額を1.5倍に修正したい場合の操作方法を教えていただけますか。例）主任技師　64,800×1.5=97,200-　　技師Ａ　　57,000×1.5=85,500-"
d0e5c0e3-7892-4726-901f-a2a767571df5,"夜間作業の単価を1.5倍にしたい"
d0e5c0e3-7892-4726-901f-a2a767571df5,"夜間作業割増率の設定方法を教えてください"
d0e5c0e3-7892-4726-901f-a2a767571df5,"基準日額に1.5を掛ける方法を知りたい"
d0e5c0e3-7892-4726-901f-a2a767571df5,"割増率を直接入力する方法を教えてください"
d0e5c0e3-7892-4726-901f-a2a767571df5,"夜間作業の割増設定はどこで行いますか"
740dad22-9279-42d5-bcd5-c305dc603b34,"代価の各作業毎に経費を計算する方法を教えてください。"
740dad22-9279-42d5-bcd5-c305dc603b34,"「４級基準点測量 」の機械経費等の計算のタイミングについてですが、イズミの設定では人件費の総合計に対し既定の％を掛け、合計した後に基準数量で割り単価を算出されております。これを「作業計画」「選点」「観測」「計算整理」事の各項目で人件費を合計し、各項目の合計した人件費に対し、経費％を掛けたのちに合算し単価を算出する設定方法をお教えください。"
740dad22-9279-42d5-bcd5-c305dc603b34,"作業毎に経費を計算したい"
740dad22-9279-42d5-bcd5-c305dc603b34,"作業別に機械経費を算出する方法を教えてください"
740dad22-9279-42d5-bcd5-c305dc603b34,"人件費を作業毎に集計したい"
740dad22-9279-42d5-bcd5-c305dc603b34,"作業ごとに単価表を作成する設定について教えてください"
740dad22-9279-42d5-bcd5-c305dc603b34,"経費計算のタイミングを変更したい"
c1879919-ef11-4de0-846e-7ac10df4f420,"旅費のパーティー区分の変更方法を教えてください。"
c1879919-ef11-4de0-846e-7ac10df4f420,"歩掛ごとに旅費のパーティを分けたいと思い、歩掛行を右クリックした際表示されますメニューの設定→PT区分を表示しましたが、区分の変更ができません。旅費交通費にPTの追加は行っていますがどの様に設定が行えるでしょうか？"
c1879919-ef11-4de0-846e-7ac10df4f420,"PT区分を変更できません"
c1879919-ef11-4de0-846e-7ac10df4f420,"旅費のパーティを歩掛ごとに分けたい"
c1879919-ef11-4de0-846e-7ac10df4f420,"外業日数を自動集計にする方法を教えてください"
c1879919-ef11-4de0-846e-7ac10df4f420,"旅費交通費設定でPT変更できない"
c1879919-ef11-4de0-846e-7ac10df4f420,"旅費のPT追加後に区分変更する方法を知りたい"
ac4bc29a-fa71-48ae-85aa-a2cc627906cc,"内訳の1項目の中で複数の任意単価を入力する方法を教えてください。"
ac4bc29a-fa71-48ae-85aa-a2cc627906cc,"設計業務で、試験費が入っていて「空行挿入」で追加しようと思うのですが、「単価行」を選択するしか手法は無いのでしょうか。できれば「単価行」のなかで複数の項目を入力したいのですが何か出来る手法はありますか？"
ac4bc29a-fa71-48ae-85aa-a2cc627906cc,"複数の任意単価を入力したい"
ac4bc29a-fa71-48ae-85aa-a2cc627906cc,"単価行で複数項目を入力できますか"
ac4bc29a-fa71-48ae-85aa-a2cc627906cc,"試験費を複数項目計上したい"
ac4bc29a-fa71-48ae-85aa-a2cc627906cc,"一時歩掛行の使い方を教えてください"
ac4bc29a-fa71-48ae-85aa-a2cc627906cc,"一時作成用部材を追加する方法を知りたい"
d1eb2539-8908-4989-a41d-55dbb70a0764,"代価表内で作業毎に上位4桁（切捨て）の端数処理を行う方法を教えてください。"
d1eb2539-8908-4989-a41d-55dbb70a0764,"積算上の端数処理として、作業項目ごとに上位4桁切捨ての端数処理を適用しているものがあるのですが、代価表内で1作業ごとに上位4桁切捨ての端数処理を適用する方法はないでしょうか。"
d1eb2539-8908-4989-a41d-55dbb70a0764,"作業毎に上位4桁切捨てしたい"
d1eb2539-8908-4989-a41d-55dbb70a0764,"代価表内で作業別に端数処理を設定したい"
d1eb2539-8908-4989-a41d-55dbb70a0764,"工程単価を上位4桁に設定する方法を教えてください"
d1eb2539-8908-4989-a41d-55dbb70a0764,"単価表タブで作業別単価を確認したい"
d1eb2539-8908-4989-a41d-55dbb70a0764,"作業ごとの端数処理設定を変更したい"
592e2609-a34b-4122-ba37-5c02d9d397c3,"地上レーザ測量の機械経費の入力方法を教えてください。"
592e2609-a34b-4122-ba37-5c02d9d397c3,"「地上レーザ測量」ですが、機械経費は別途計上と青本に記載されているので「機械」で検索すると「１式」で「※機械経費（作業量）要入力」と規格欄に出てきます。この作業量はどこで入力するのでしょうか？"
592e2609-a34b-4122-ba37-5c02d9d397c3,"地上レーザ測量の作業量入力場所を教えてください"
592e2609-a34b-4122-ba37-5c02d9d397c3,"機械経費等の作業量はどこで入力しますか"
592e2609-a34b-4122-ba37-5c02d9d397c3,"機械経費（作業量）要入力の設定方法を知りたい"
592e2609-a34b-4122-ba37-5c02d9d397c3,"経費タブから作業量を入力したい"
592e2609-a34b-4122-ba37-5c02d9d397c3,"地上レーザ測量の機械経費設定方法を教えてください"
d2feec90-1d5d-4d08-8afe-9ed6628bbc7b,"技術管理費として精度管理費を計上する方法を教えてください。"
d2feec90-1d5d-4d08-8afe-9ed6628bbc7b,"測量業務で技術通管理費として精度管理費が計上されている業務があります。維津美で対応できますでしょうか。"
d2feec90-1d5d-4d08-8afe-9ed6628bbc7b,"精度管理費を技術管理費へ計上したい"
d2feec90-1d5d-4d08-8afe-9ed6628bbc7b,"経費別集計で精度管理費を変更したい"
d2feec90-1d5d-4d08-8afe-9ed6628bbc7b,"精度管理費を内訳表示する方法を教えてください"
d2feec90-1d5d-4d08-8afe-9ed6628bbc7b,"精度管理費の集計先を変更したい"
d2feec90-1d5d-4d08-8afe-9ed6628bbc7b,"技術管理費として内訳計上したい"
0d70f4a4-6fca-44d8-8d40-a210d93f25f9,"労務費の時間外補正について教えてください。"
0d70f4a4-6fca-44d8-8d40-a210d93f25f9,"労務費の時間外補正について維津美では割増対象賃金比を使い1時間当たりの単価を算出していますが、その場合、割増係数が小数点以下続く場合があります。一方、国交省では『1時間当り割増対象賃金比：K』を使って単価設定しています。Kを使った割増賃金を計算できないでしょうか。ご回答、"
0d70f4a4-6fca-44d8-8d40-a210d93f25f9,"割増対象賃金比Kを使って計算したい"
0d70f4a4-6fca-44d8-8d40-a210d93f25f9,"時間外補正の端数処理設定を変更したい"
0d70f4a4-6fca-44d8-8d40-a210d93f25f9,"割増賃金対象係数の設定方法を教えてください"
0d70f4a4-6fca-44d8-8d40-a210d93f25f9,"労務費の割増係数を調整したい"
0d70f4a4-6fca-44d8-8d40-a210d93f25f9,"作業タブの端数処理設定について知りたい"
ebbe5ea2-4d64-4c6d-9dcc-e5c164c8243f,"値引き調整額を任意の金額に変更することは出来ますか。"
ebbe5ea2-4d64-4c6d-9dcc-e5c164c8243f,"値引き調整額を任意の金額に変更する方法はありますでしょうか？"
ebbe5ea2-4d64-4c6d-9dcc-e5c164c8243f,"値引き調整額を直接入力したい"
ebbe5ea2-4d64-4c6d-9dcc-e5c164c8243f,"調整額を任意金額に変更する方法を教えてください"
ebbe5ea2-4d64-4c6d-9dcc-e5c164c8243f,"値引き金額を手入力したい"
ebbe5ea2-4d64-4c6d-9dcc-e5c164c8243f,"調整額設定画面の使い方を知りたい"
ebbe5ea2-4d64-4c6d-9dcc-e5c164c8243f,"値引き調整額にマイナス入力する方法を教えてください"
d5b55849-b3c7-4645-87c9-a64e9fbb1540,"過去の積算データが全て開けなくなったのですが。"
d5b55849-b3c7-4645-87c9-a64e9fbb1540,"既存データを開こうとすると「～が見つかりません」のエラー出て開けません。（新規データの作成は可能です。）デスクトップにコピーして開いたり、維津美の再インストール等を試しましたが改善しませんでした。また、別のパソコンからであれば問題なく開きますが、私のPCを介すと開けません。対応について教えていただけますと幸いです。"
d5b55849-b3c7-4645-87c9-a64e9fbb1540,"過去データが開けません"
d5b55849-b3c7-4645-87c9-a64e9fbb1540,"既存データで「見つかりません」エラーが出ます"
d5b55849-b3c7-4645-87c9-a64e9fbb1540,"別PCでは開けるが自分のPCで開けません"
d5b55849-b3c7-4645-87c9-a64e9fbb1540,"システムロケールを日本語に変更したい"
d5b55849-b3c7-4645-87c9-a64e9fbb1540,"UTF-8設定による文字化けを解消したい"
9e93e89a-08fd-4925-9dbe-3d51a4995092,"項目の移動で集計先が自動で切り替わらなくなりました。"
9e93e89a-08fd-4925-9dbe-3d51a4995092,"行をドラッグして移動すると集計先が自動で変更出来ていましたが、最近できなくなりました。システムの仕様が変更になりましたか？"
9e93e89a-08fd-4925-9dbe-3d51a4995092,"集計先が自動変更されなくなった"
9e93e89a-08fd-4925-9dbe-3d51a4995092,"ドラッグ移動で集計先が変わらない"
9e93e89a-08fd-4925-9dbe-3d51a4995092,"集計行が自動で切り替わらない"
9e93e89a-08fd-4925-9dbe-3d51a4995092,"集計先の自動変更ができない"
9e93e89a-08fd-4925-9dbe-3d51a4995092,"項目移動時に集計先が更新されない"
9e93e89a-08fd-4925-9dbe-3d51a4995092,"自動で集計行を設定するが効かない"
e0c3203a-db41-4d66-afdb-9afea8662e6a,"１つの内訳で歩掛の基準年度が混在したデータは作れますか。"
e0c3203a-db41-4d66-afdb-9afea8662e6a,"2ヵ年に跨る業務において2ヵ年目に積算基準が改訂され、その変更時に当初とは異なった積算基準で変更積算を行うことは可能でしょうか？可能であれば、その方法をご教示ください。例）1年目：令和4年度、2年目：令和5年度など"
e0c3203a-db41-4d66-afdb-9afea8662e6a,"年度が異なる歩掛を混在できるか"
e0c3203a-db41-4d66-afdb-9afea8662e6a,"変更積算で基準年度を変更したい"
e0c3203a-db41-4d66-afdb-9afea8662e6a,"令和4年度と令和5年度の歩掛を混在したい"
e0c3203a-db41-4d66-afdb-9afea8662e6a,"変更積算時に新年度基準へ切り替える方法"
e0c3203a-db41-4d66-afdb-9afea8662e6a,"歩掛マスタを途中で変更する方法"
e0c3203a-db41-4d66-afdb-9afea8662e6a,"複数年度の積算基準を使いたい"
361bd912-df4f-4697-871b-97773585c2b6,"急に積算データの保存容量が大きくなったのですが何が原因でしょうか。"
361bd912-df4f-4697-871b-97773585c2b6,"1）いままで保存データの容量は500KBぐらいに収まっていたのですが、何かの拍子で8MBとか10MBとかなり大きくなってしまいました。　 何が原因なのでしょうか？2）元々の軽いままで保存しておいても問題無いのでしょうか？　 大容量で保存しておくメリットは何なのでしょうか？2点ご確認お願い致します。"
361bd912-df4f-4697-871b-97773585c2b6,"保存データ容量が急に大きくなった"
361bd912-df4f-4697-871b-97773585c2b6,"積算データサイズが増えた原因"
361bd912-df4f-4697-871b-97773585c2b6,"保存品質設定について"
361bd912-df4f-4697-871b-97773585c2b6,"データ保存容量を小さくしたい"
361bd912-df4f-4697-871b-97773585c2b6,"保存データが重くなった"
361bd912-df4f-4697-871b-97773585c2b6,"積算データ容量変更の設定"
22951c35-66d2-42ff-907b-cfcc19d58681,"データ保存時にエラーが出て保存出来ないのですが。"
22951c35-66d2-42ff-907b-cfcc19d58681,"データの保存時に、「ストリームでは書き込みはサポートされていません。」のメッセージが表示されデータを保存することができません。何が原因なのでしょうか？"
22951c35-66d2-42ff-907b-cfcc19d58681,"ストリームでは書き込みはサポートされていません"
22951c35-66d2-42ff-907b-cfcc19d58681,"保存時エラーで保存できない"
22951c35-66d2-42ff-907b-cfcc19d58681,"データ保存時にエラーが出る"
22951c35-66d2-42ff-907b-cfcc19d58681,"セキュリティソフトが原因で保存できない"
22951c35-66d2-42ff-907b-cfcc19d58681,"保存時に書き込みエラーが出る"
d0be0e9c-8df7-4735-8aa3-3ec5d48f9e60,"率計上の旅費交通費の対象にデータベース検定費分を含める方法を教えてください。"
d0be0e9c-8df7-4735-8aa3-3ec5d48f9e60,"地質調査の旅費交通費について、対象項目に「国土地盤情報データベース検定費」も上がっていますが対象チェックボックスをチェックしても対象金額から除外されてしまいます。設定で式を確認すると検定費は除外するような式となっています。検定費を除外しない方法はありますでしょうか"
d0be0e9c-8df7-4735-8aa3-3ec5d48f9e60,"データベース検定費を対象額に含めたい"
d0be0e9c-8df7-4735-8aa3-3ec5d48f9e60,"旅費交通費に検定費を含める方法"
d0be0e9c-8df7-4735-8aa3-3ec5d48f9e60,"国土地盤情報データベース検定費が除外される"
d0be0e9c-8df7-4735-8aa3-3ec5d48f9e60,"対象額直接入力の設定方法"
d0be0e9c-8df7-4735-8aa3-3ec5d48f9e60,"検定費を旅費交通費対象にしたい"
fd9c2be3-17a4-433a-8ec1-8e42369c6d01,"道路設計の補正で地形が混在する場合の設定方法を教えてください。"
fd9c2be3-17a4-433a-8ec1-8e42369c6d01,"道路予備設計にて、設計延長が0.98㎞で地形による割増の設定を0.28㎞分を平地、0.7㎞分を丘陵地と分ける場合、補正（変化率）設定の仕方を教えてください。設計延長：0.98㎞内訳：0.28㎞⇒平地　　　 0.7㎞⇒丘陵地"
fd9c2be3-17a4-433a-8ec1-8e42369c6d01,"平地と丘陵地が混在する補正設定"
fd9c2be3-17a4-433a-8ec1-8e42369c6d01,"地形による変化率の設定方法"
fd9c2be3-17a4-433a-8ec1-8e42369c6d01,"道路設計で複数地形を設定したい"
fd9c2be3-17a4-433a-8ec1-8e42369c6d01,"平地0.28km 丘陵地0.7km の設定"
fd9c2be3-17a4-433a-8ec1-8e42369c6d01,"地形混在時の補正入力"
5c5e26dd-3351-4a0d-a8b5-c7f89eb8eb93,"既定を超える補正値の入力方法を教えてください。"
5c5e26dd-3351-4a0d-a8b5-c7f89eb8eb93,"現在指名を受けている案件について、業務における作業条件として、路線測量の中心線測量の補正値で中心線測量間隔による変化率として維津美にはない100mの変化率「-0.5」とあります。維津美ではどのように反映できるでしょうか。"
5c5e26dd-3351-4a0d-a8b5-c7f89eb8eb93,"既定にない補正値を入力したい"
5c5e26dd-3351-4a0d-a8b5-c7f89eb8eb93,"変化率-0.5を設定する方法"
5c5e26dd-3351-4a0d-a8b5-c7f89eb8eb93,"補正式を直接編集したい"
5c5e26dd-3351-4a0d-a8b5-c7f89eb8eb93,"中心線測量の補正値を手入力したい"
5c5e26dd-3351-4a0d-a8b5-c7f89eb8eb93,"測点間隔による変化率を編集する方法"
b57b0ec3-0f10-4413-81c9-ca08379a4d31,"熊本県の重油Aの単価の算出根拠を教えてください。"
b57b0ec3-0f10-4413-81c9-ca08379a4d31,"使用する単価「熊本県」12月で積算を行っています。港湾の調査船等で燃料費：重油Aバージを選択すると98.8円となります。物価資料では熊本県はバージ(海上)の単価を持っておりませんが、算出根拠となる出所を教えていただけますでしょうか。宜しくお願い致します。"
b57b0ec3-0f10-4413-81c9-ca08379a4d31,"熊本県の重油Aバージ単価の根拠"
b57b0ec3-0f10-4413-81c9-ca08379a4d31,"熊本県の重油A単価はどこから算出しているか"
b57b0ec3-0f10-4413-81c9-ca08379a4d31,"重油Aバージ単価の出所を知りたい"
b57b0ec3-0f10-4413-81c9-ca08379a4d31,"熊本県にバージ単価がないのに単価が表示される"
b57b0ec3-0f10-4413-81c9-ca08379a4d31,"港湾燃料費の重油A単価について"
b57b0ec3-0f10-4413-81c9-ca08379a4d31,"重油Aバージの平均単価設定について"
2066b10a-e6c7-4ec8-a1b2-036ad47a5e0f,"ランドスケープコンサルタンツ協会歩掛の端数処理設定の根拠を教えてください。"
2066b10a-e6c7-4ec8-a1b2-036ad47a5e0f,"「ランドスケープコンサルタンツ協会」の歩掛に関し、代価表ではデフォルトで員数の桁数が小数2位になっていると思います。その根拠を教えていただけますか。"
2066b10a-e6c7-4ec8-a1b2-036ad47a5e0f,"ランドスケープコンサルタンツ協会歩掛の小数2位設定について"
2066b10a-e6c7-4ec8-a1b2-036ad47a5e0f,"員数の端数処理ルールを知りたい"
2066b10a-e6c7-4ec8-a1b2-036ad47a5e0f,"少数第三位四捨五入の根拠"
2066b10a-e6c7-4ec8-a1b2-036ad47a5e0f,"歩掛の端数処理設定について"
2066b10a-e6c7-4ec8-a1b2-036ad47a5e0f,"員数を小数2位止めにしている理由"
0991b505-addd-4a11-98fa-c26a79a0846e,"地すべり調査の電子成果品作成費の根拠を教えてください。"
0991b505-addd-4a11-98fa-c26a79a0846e,"地質調査業務の「地すべり」から歩掛を選択すると電子成果品（その他）が選ばれます。その根拠となるものはどこに掲載または発表されているでしょうか。"
0991b505-addd-4a11-98fa-c26a79a0846e,"地すべり調査で電子成果品その他になる理由"
0991b505-addd-4a11-98fa-c26a79a0846e,"電子成果品その他の算出根拠"
0991b505-addd-4a11-98fa-c26a79a0846e,"地すべり調査の電子成果品区分について"
0991b505-addd-4a11-98fa-c26a79a0846e,"青本の電子成果品設定について"
0991b505-addd-4a11-98fa-c26a79a0846e,"地質調査の電子成果品作成費"
cbf35549-90ed-49e0-9d3b-517cc54c7a39,"CALSシステム利用登録料が率計上の旅費交通費の対象となっているのですが。"
cbf35549-90ed-49e0-9d3b-517cc54c7a39,"率計上の旅費交通費の設定画面の一覧タブにて「新潟県CALSシステム利用登録料」のチェックが入っている場合、この金額も計算対象に含まれてきます。旅費交通費の計算対象は直接人件費ですが、CALSシステム利用料の市場単価も対象になるのでしょうか？"
cbf35549-90ed-49e0-9d3b-517cc54c7a39,"CALSシステム利用登録料が旅費交通費対象になる"
cbf35549-90ed-49e0-9d3b-517cc54c7a39,"市場単価が旅費交通費計算対象になるのか"
cbf35549-90ed-49e0-9d3b-517cc54c7a39,"新潟県CALSシステム利用料の扱い"
cbf35549-90ed-49e0-9d3b-517cc54c7a39,"旅費交通費対象から市場単価を外したい"
cbf35549-90ed-49e0-9d3b-517cc54c7a39,"直接人件費と市場単価の扱い"
a0fec3a8-469f-4853-97b4-700d9068e894,"国交省案件に於ける標準的な積算ルールを教えてください。"
a0fec3a8-469f-4853-97b4-700d9068e894,"国交省の設計業務積算にあたり、補正の掛かる対象や集計方法（工員毎or作業毎）をお教え頂けないでしょうか。維津美の標準では、算出方式がAタイプ（補正が金額合計に掛かる）となっているかと思いますが、地整の積算をみると工員毎に補正ががかり、作業毎に集計が掛かっているように見受けられます。地域での差があるかもしれませんが、国交省の標準積算ルールが知りたいです。宜しくお願い致します。"
a0fec3a8-469f-4853-97b4-700d9068e894,"国交省の補正計算タイプについて"
a0fec3a8-469f-4853-97b4-700d9068e894,"工員毎補正と作業毎集計の設定"
a0fec3a8-469f-4853-97b4-700d9068e894,"地整案件の積算ルール"
a0fec3a8-469f-4853-97b4-700d9068e894,"Bタイプ補正とは"
a0fec3a8-469f-4853-97b4-700d9068e894,"作業毎に単価表を作成する設定"
4781070d-06ac-40c0-8972-202fb218c802,"表紙への会社ロゴマークの追加方法を教えてください。"
4781070d-06ac-40c0-8972-202fb218c802,"表紙へ会社ロゴマークを表示させたいのですが、可能でしょうか。カスタムまでの手順を教えてください。"
4781070d-06ac-40c0-8972-202fb218c802,"帳票に会社ロゴを追加したい"
4781070d-06ac-40c0-8972-202fb218c802,"表紙へロゴマークを表示する方法"
4781070d-06ac-40c0-8972-202fb218c802,"帳票編集でロゴを追加したい"
4781070d-06ac-40c0-8972-202fb218c802,"カスタム帳票の作成方法"
4781070d-06ac-40c0-8972-202fb218c802,"帳票編集機能の使い方"
462d6742-aa50-4ae5-a418-65f55f54133d,"全ての帳票のフォントを変更する方法を教えてください。"
462d6742-aa50-4ae5-a418-65f55f54133d,"表紙、総括表、内訳表、代価表すべてのフォントを変更したいのですが、可能でしょうか？教えてください。"
462d6742-aa50-4ae5-a418-65f55f54133d,"帳票のフォントを変更したい"
462d6742-aa50-4ae5-a418-65f55f54133d,"表紙のフォント変更方法"
462d6742-aa50-4ae5-a418-65f55f54133d,"総括表のフォントを変更できるか"
462d6742-aa50-4ae5-a418-65f55f54133d,"内訳表のフォント設定について"
462d6742-aa50-4ae5-a418-65f55f54133d,"代価表の文字フォントを変更したい"
462d6742-aa50-4ae5-a418-65f55f54133d,"帳票編集機能でフォント変更する方法"
f073bde4-8cdb-4ee5-bc3b-ce44beb3d350,"電子成果品作成費の算出式の確認及び変更はできますか。"
f073bde4-8cdb-4ee5-bc3b-ce44beb3d350,"自治体の印刷製本費の積算を電子成果品作成費で試してみましたが、手計算の金額と異なりました。原因を追究するため、算出式を確認しようとしましたが、一部しか表示されません。金額を直接入力し対応しましたが算出式の確認及び算出式の変更はできないのでしょうか。"
f073bde4-8cdb-4ee5-bc3b-ce44beb3d350,"電子成果品作成費の算出式を確認したい"
f073bde4-8cdb-4ee5-bc3b-ce44beb3d350,"算出式が途中までしか表示されない"
f073bde4-8cdb-4ee5-bc3b-ce44beb3d350,"電子成果品の計算式を変更したい"
f073bde4-8cdb-4ee5-bc3b-ce44beb3d350,"Ctrl+Cで算式コピーする方法"
f073bde4-8cdb-4ee5-bc3b-ce44beb3d350,"算出式編集のやり方"
f073bde4-8cdb-4ee5-bc3b-ce44beb3d350,"電子成果品作成費の計算ロジック確認"
0fb1e285-9a31-4c46-a0dd-b0b2c4ae5152,"経費対象工員の考え方について教えてください。"
0fb1e285-9a31-4c46-a0dd-b0b2c4ae5152,"測量業務における「維持管理計画書策定のための現地調査」の業務成果品の対象は、「測量技術者の人件費×～％」とありますが、維津美上では「ダイバー、ダイバー補助、上廻り員」の人件費は除外されているのでしょうか？また、肉厚測定についても同様でしょうか？"
0fb1e285-9a31-4c46-a0dd-b0b2c4ae5152,"ダイバーの人件費は経費対象になるか"
0fb1e285-9a31-4c46-a0dd-b0b2c4ae5152,"上廻り員の人件費は対象外か"
0fb1e285-9a31-4c46-a0dd-b0b2c4ae5152,"測量技術者の人件費の範囲"
0fb1e285-9a31-4c46-a0dd-b0b2c4ae5152,"肉厚測定の経費対象工員について"
0fb1e285-9a31-4c46-a0dd-b0b2c4ae5152,"直接人件費の対象範囲"
659b33f1-eec5-4d9e-bbd7-d9c0986708a6,"維津美インストール時の事前に必要なソフトを教えてください。"
659b33f1-eec5-4d9e-bbd7-d9c0986708a6,"最新版のパソコンに新規インストールする場合は事前にインストールするソフトがありますが、どのソフトをインストールすればよいのでしょうか？教えてください。"
659b33f1-eec5-4d9e-bbd7-d9c0986708a6,"維津美インストール前に必要なソフト"
659b33f1-eec5-4d9e-bbd7-d9c0986708a6,"オフライン環境で必要なインストール"
659b33f1-eec5-4d9e-bbd7-d9c0986708a6,".NET Framework 4.8 のインストール"
659b33f1-eec5-4d9e-bbd7-d9c0986708a6,"Sql Server LocalDB 2017 が必要か"
659b33f1-eec5-4d9e-bbd7-d9c0986708a6,"維津美セットアップに必要な環境"
a9ba3724-c4fc-4e53-9202-aefeb8abcdb8,"PCを入れ替えた際の積算データの移行方法を教えてください。"
a9ba3724-c4fc-4e53-9202-aefeb8abcdb8,"他PCに維津美をインストールしました。これまで積算したデータを編集して再利用したいのですが、積算データの移行の仕方を教えていただけませんか。"
a9ba3724-c4fc-4e53-9202-aefeb8abcdb8,"積算データを別PCへ移行したい"
a9ba3724-c4fc-4e53-9202-aefeb8abcdb8,"PC交換時のデータ移行方法"
a9ba3724-c4fc-4e53-9202-aefeb8abcdb8,"USBメモリで積算データを移す方法"
a9ba3724-c4fc-4e53-9202-aefeb8abcdb8,"積算ファイルの引っ越し方法"
a9ba3724-c4fc-4e53-9202-aefeb8abcdb8,"旧PCの積算データを新PCで使いたい"
098f58fa-8362-4f03-b1ce-1e5ed84b509b,"マスタを最新版に更新しても起動時にアップデート情報が表示され続けるのですが。"
098f58fa-8362-4f03-b1ce-1e5ed84b509b,"単価マスタ、歩掛マスタを最新バージョンをインストールしているのですが、起動時にアップデート情報が表示されインストールを求められます。ファイルはトップ画面の変更より、以下に保存のファイルを選択しています。＜単価マスタ＞　C:\\Users\\[ユーザー名]\\Documents\\Systemrun\\IzumiV7\\Masters\\Tanka＜歩掛マスタ＞　C:\\Users\\[ユーザー名]\\Documents\\Systemrun\\IzumiV7\\Masters\\Bugakariただ、再度、変更をクリックすると別のフォルダが表示されます（選択前のフォルダ）。対処方法等のご教授をお願い致します。"
098f58fa-8362-4f03-b1ce-1e5ed84b509b,"最新版マスタなのにアップデート表示が出る"
098f58fa-8362-4f03-b1ce-1e5ed84b509b,"マスタ更新通知が消えない"
098f58fa-8362-4f03-b1ce-1e5ed84b509b,"お気に入りフォルダ設定について"
098f58fa-8362-4f03-b1ce-1e5ed84b509b,"単価マスタフォルダ設定方法"
098f58fa-8362-4f03-b1ce-1e5ed84b509b,"歩掛マスタの保存先設定"
098f58fa-8362-4f03-b1ce-1e5ed84b509b,"起動時に更新案内が毎回表示される"
f59359e7-a1f2-49dd-a2f0-b92564f5adc7,"豪雪補正の設定方法について教えてください。"
f59359e7-a1f2-49dd-a2f0-b92564f5adc7,"設計書の積算条件に豪雪割増という設定が有りの場合は、どのように設定するかお教え頂けますでしょうか。また、併せて豪雪割増の補正率や補正箇所についてもご教示ください。"
f59359e7-a1f2-49dd-a2f0-b92564f5adc7,"豪雪割増の設定方法"
f59359e7-a1f2-49dd-a2f0-b92564f5adc7,"豪雪補正を追加したい"
f59359e7-a1f2-49dd-a2f0-b92564f5adc7,"機材供用日損料に10%補正を掛けたい"
f59359e7-a1f2-49dd-a2f0-b92564f5adc7,"任意変化率の設定方法"
f59359e7-a1f2-49dd-a2f0-b92564f5adc7,"豪雪補正の補正箇所設定"
f59359e7-a1f2-49dd-a2f0-b92564f5adc7,"機材だけに補正を掛ける方法"
b4f9a5b7-3fea-4087-bc25-334fe9c28c29,"高所作業車の長期割引の設定方法を教えてください。"
b4f9a5b7-3fea-4087-bc25-334fe9c28c29,"役所の土木工事資材等単価表の注意事項に高所作業車は長期割引後の価格が採用されると記載されておりました。システムの中で長期割引率を適用させるのはどこを修正すればよろしいでしょうか。よろしくお願いいたします。"
b4f9a5b7-3fea-4087-bc25-334fe9c28c29,"高所作業車の長期割引を設定したい"
b4f9a5b7-3fea-4087-bc25-334fe9c28c29,"機材単価に35%割引を掛ける方法"
b4f9a5b7-3fea-4087-bc25-334fe9c28c29,"長期割引率の設定場所"
b4f9a5b7-3fea-4087-bc25-334fe9c28c29,"任意変化率で割引設定する方法"
b4f9a5b7-3fea-4087-bc25-334fe9c28c29,"機材にだけ割引補正を掛けたい"
b4f9a5b7-3fea-4087-bc25-334fe9c28c29,"長期割引補正の設定方法"
7c8914f1-ff18-4a04-89c0-8750186a2986,"維津美V5のデータを確認することはできますか。"
7c8914f1-ff18-4a04-89c0-8750186a2986,"維津美V5のファイルを確認したいのですが、エクセル等に変換可能でしょうか？"
7c8914f1-ff18-4a04-89c0-8750186a2986,"維津美V5をExcel変換したい"
7c8914f1-ff18-4a04-89c0-8750186a2986,"V5データをエクセルで見たい"
7c8914f1-ff18-4a04-89c0-8750186a2986,"旧バージョンデータの確認方法"
7c8914f1-ff18-4a04-89c0-8750186a2986,"維津美V5ファイルの閲覧方法"
7c8914f1-ff18-4a04-89c0-8750186a2986,"V5データを変換できるか"
94b5d229-cd23-400e-a868-d1ab2e330989,"工員別の合計員数の出力はできますか。"
94b5d229-cd23-400e-a868-d1ab2e330989,"トータル人工数(技術者別)のアウトプットは出力可能でしょうか。"
94b5d229-cd23-400e-a868-d1ab2e330989,"技術者別の人工数を出力したい"
94b5d229-cd23-400e-a868-d1ab2e330989,"合計人工数のアウトプットについて"
94b5d229-cd23-400e-a868-d1ab2e330989,"工員別集計で人工数を確認したい"
94b5d229-cd23-400e-a868-d1ab2e330989,"トータル員数の確認方法"
94b5d229-cd23-400e-a868-d1ab2e330989,"工員別の人数集計を表示したい"
ad2ab207-0ca5-490a-ac3d-eb3ee2822e9a,"時間外割増計算の端数処理設定の変更はできますか。"
ad2ab207-0ca5-490a-ac3d-eb3ee2822e9a,"維津美で時間外割増を設定する際、（割増対象賃金比 / 所定時間 * 時間外割増率）の部分で端数処理を設定することは出来ますか。"
ad2ab207-0ca5-490a-ac3d-eb3ee2822e9a,"時間外割増の端数処理設定"
ad2ab207-0ca5-490a-ac3d-eb3ee2822e9a,"割増賃金係数の端数処理を変更したい"
ad2ab207-0ca5-490a-ac3d-eb3ee2822e9a,"工員別単価タブの設定方法"
ad2ab207-0ca5-490a-ac3d-eb3ee2822e9a,"時間外割増率の丸め設定"
ad2ab207-0ca5-490a-ac3d-eb3ee2822e9a,"端数処理桁の設定方法"
ad3a8992-ae2e-4ada-9a93-6c38ac41c6a2,"積算データ保存時に共有フォルダを参照するように設定できますか。"
ad3a8992-ae2e-4ada-9a93-6c38ac41c6a2,"積算データを共有したいのですが、Publicフォルダがありません。お気に入りに「共有積算データ」を設定する方法を教えて下さい。また、最初に共有フォルダを見に行く設定に変更できますでしょうか。"
ad3a8992-ae2e-4ada-9a93-6c38ac41c6a2,"共有積算データフォルダを設定したい"
ad3a8992-ae2e-4ada-9a93-6c38ac41c6a2,"Publicフォルダがない場合の設定"
ad3a8992-ae2e-4ada-9a93-6c38ac41c6a2,"共有フォルダを最初に開く方法"
ad3a8992-ae2e-4ada-9a93-6c38ac41c6a2,"お気に入りフォルダの優先順位変更"
ad3a8992-ae2e-4ada-9a93-6c38ac41c6a2,"共有積算データをデフォルト表示したい"
40a83c8a-745e-4046-9ffa-d7c22a9d24ee,"値引き調整額を再表示する方法を教えてください。"
40a83c8a-745e-4046-9ffa-d7c22a9d24ee,"諸経費設定の中に調整額タブが表示されなくなってしまいました。表示方法を教えてくだい。"
40a83c8a-745e-4046-9ffa-d7c22a9d24ee,"調整額タブが消えた"
40a83c8a-745e-4046-9ffa-d7c22a9d24ee,"値引き調整額を表示したい"
40a83c8a-745e-4046-9ffa-d7c22a9d24ee,"業務集計で値引き調整額を有効化する方法"
40a83c8a-745e-4046-9ffa-d7c22a9d24ee,"諸経費の調整額設定"
40a83c8a-745e-4046-9ffa-d7c22a9d24ee,"内含項目を諸経費に変更する方法"
ec2e7cd5-1d4d-4536-8afc-45cdce912a81,"独自の深夜割増率を設定することはできますか。"
ec2e7cd5-1d4d-4536-8afc-45cdce912a81,"技術者単価および労務単価の補正について質問させて頂きます。単価の深夜割増について、基準日額×1.5という設定は可能でしょうか。可能であれば、設定方法についてご教授願います。"
ec2e7cd5-1d4d-4536-8afc-45cdce912a81,"深夜割増率を直接設定したい"
ec2e7cd5-1d4d-4536-8afc-45cdce912a81,"基準日額×1.5の設定方法"
ec2e7cd5-1d4d-4536-8afc-45cdce912a81,"独自の割増率を設定する方法"
ec2e7cd5-1d4d-4536-8afc-45cdce912a81,"深夜割増の倍率変更"
ec2e7cd5-1d4d-4536-8afc-45cdce912a81,"割増率の直接入力を有効にする方法"
ec2e7cd5-1d4d-4536-8afc-45cdce912a81,"任意の深夜割増率を設定したい"
0c18f9a6-fcf8-4804-a043-6fbeb76d3102,"船舶の計上方法について教えてください。"
0c18f9a6-fcf8-4804-a043-6fbeb76d3102,"港湾の積算をしていますが、船外機船（FRP製）の一般管理費が計上されません。項目の中の経費のところで調査船（FRP D 70PS型）を持ってきて使用しています。ライトバン運転費も経費の補償調査（現在の積算手法）から持ってきて使用していますが、1.5Lしかなく2.0Lに自分で修正しています。このやり方でよいのでしょうか。他によい方法があればご教示願います。"
0c18f9a6-fcf8-4804-a043-6fbeb76d3102,"船外機船の一般管理費が計上されない"
0c18f9a6-fcf8-4804-a043-6fbeb76d3102,"ライトバン運転費2.0Lの設定方法"
0c18f9a6-fcf8-4804-a043-6fbeb76d3102,"港湾局の二次歩掛追加方法"
0c18f9a6-fcf8-4804-a043-6fbeb76d3102,"船外機船を二次歩掛で追加したい"
0c18f9a6-fcf8-4804-a043-6fbeb76d3102,"FRP製船外機船の経費設定"
0c18f9a6-fcf8-4804-a043-6fbeb76d3102,"港湾積算で船舶を計上する方法"
489cd3f7-c4c5-46be-8c5e-7c5374fc6a9a,"単価更新時に一時歩掛行の中身が消えてしまうのですが。"
489cd3f7-c4c5-46be-8c5e-7c5374fc6a9a,"空行挿入にて歩掛行・市場単価行を入力後に単価更新を行うと歩掛行・市場単価行の中のデータが消えてしまいます。改善策をご教示くださいますでしょうか。"
489cd3f7-c4c5-46be-8c5e-7c5374fc6a9a,"単価更新で一時歩掛行が消える"
489cd3f7-c4c5-46be-8c5e-7c5374fc6a9a,"市場単価行のデータが消えてしまう"
489cd3f7-c4c5-46be-8c5e-7c5374fc6a9a,"一時歩掛行を更新対象外にしたい"
489cd3f7-c4c5-46be-8c5e-7c5374fc6a9a,"歩掛更新時に空行挿入データが消える"
489cd3f7-c4c5-46be-8c5e-7c5374fc6a9a,"単価更新時の一時市場単価行について"
17934d5c-b3f3-4a4c-8848-9d8a1c06207f,"集計行の追加方法を教えてください。"
17934d5c-b3f3-4a4c-8848-9d8a1c06207f,"運搬費の集計を設けたいのですが設定はどのようにすればよいでしょうか？準備費・仮設費も同じようにそれぞれで集計するようにしたいです。"
17934d5c-b3f3-4a4c-8848-9d8a1c06207f,"運搬費の集計行を追加したい"
17934d5c-b3f3-4a4c-8848-9d8a1c06207f,"準備費を別集計にする方法"
17934d5c-b3f3-4a4c-8848-9d8a1c06207f,"仮設費の集計行追加"
17934d5c-b3f3-4a4c-8848-9d8a1c06207f,"空行挿入で集計行を作成する方法"
17934d5c-b3f3-4a4c-8848-9d8a1c06207f,"集計先設定の変更方法"
17934d5c-b3f3-4a4c-8848-9d8a1c06207f,"項目ごとに集計を分けたい"
447a4f85-37fb-4b94-9bba-e85766d03d78,"最低制限価格算定式の変更方法を教えてください。"
447a4f85-37fb-4b94-9bba-e85766d03d78,"価格設定欄の予定制限価格の設定の変更方法をご教示ください。よろしくお願いいたします。"
447a4f85-37fb-4b94-9bba-e85766d03d78,"制限価格算出式を編集したい"
447a4f85-37fb-4b94-9bba-e85766d03d78,"最低制限価格の計算式変更"
447a4f85-37fb-4b94-9bba-e85766d03d78,"国交省の制限価格設定を変更したい"
447a4f85-37fb-4b94-9bba-e85766d03d78,"制限価格設定のカスタマイズ"
447a4f85-37fb-4b94-9bba-e85766d03d78,"価格設定画面の算式編集方法"
50cc028b-247d-4aef-884c-bd11c1156663,"橋梁定期点検設定画面のマニュアルはありますか。"
50cc028b-247d-4aef-884c-bd11c1156663,"維津美で橋梁点検の積算をします。橋梁点検設定のマニュアルはありますでしょうか。"
50cc028b-247d-4aef-884c-bd11c1156663,"橋梁定期点検のマニュアルを見たい"
50cc028b-247d-4aef-884c-bd11c1156663,"橋梁点検設定簡易マニュアルについて"
50cc028b-247d-4aef-884c-bd11c1156663,"橋梁点検の設定方法"
50cc028b-247d-4aef-884c-bd11c1156663,"サポートページの橋梁定期点検マニュアル"
50cc028b-247d-4aef-884c-bd11c1156663,"橋梁点検積算のヘルプ資料"
68ca9bd9-b601-4c0d-a42d-bc8b10eb28eb,"補正毎に異なる端数処理を適用する方法を教えてください。"
68ca9bd9-b601-4c0d-a42d-bc8b10eb28eb,"1つの項目で2つの補正があり、端数処理を別々にしたい場合はどのような設定をすれば良いでしょうか例：照査の補正率 ⇒ 小数第2位未満処理（第3位四捨五入）　　延長の補正率 ⇒ 小数第3位未満処理（第4位四捨五入）"
68ca9bd9-b601-4c0d-a42d-bc8b10eb28eb,"補正ごとに端数処理を変えたい"
68ca9bd9-b601-4c0d-a42d-bc8b10eb28eb,"Round関数で端数処理する方法"
68ca9bd9-b601-4c0d-a42d-bc8b10eb28eb,"小数第3位四捨五入の設定"
68ca9bd9-b601-4c0d-a42d-bc8b10eb28eb,"補正式ごとの丸め設定"
68ca9bd9-b601-4c0d-a42d-bc8b10eb28eb,"算出式にRoundを入れる方法"
31eae435-1f43-4747-866a-890e55162f0c,"一時旅費交通費行で宿泊日数を自動計算することはできますか。"
31eae435-1f43-4747-866a-890e55162f0c,"空行挿入≫一時旅費交通費行で計上する場合、宿泊日数を自動計算する機能は無いのでしょうか？他の方法でも適当な機能があれば教えてください。お願い致します。"
31eae435-1f43-4747-866a-890e55162f0c,"宿泊日数を自動計算したい"
31eae435-1f43-4747-866a-890e55162f0c,"一時旅費交通費行の宿泊日数計算"
31eae435-1f43-4747-866a-890e55162f0c,"外業日数から宿泊日数を算出したい"
31eae435-1f43-4747-866a-890e55162f0c,"外業日数内訳表の確認方法"
31eae435-1f43-4747-866a-890e55162f0c,"宿泊日数入力を自動化できるか"
0fc22803-7289-4376-8e41-04c9891278b4,"市場単価項目で経費を追加しても金額が反映されないのですが。"
0fc22803-7289-4376-8e41-04c9891278b4,"地質調査業務や地質解析業務における『資料整理とりまとめ』などの市場単価の項目について、端数処理のため諸雑費を追加し調整額を入れたいのですが、金額を入力しても単価に反映されないようです。どのように対応すると良いでしょうか。"
0fc22803-7289-4376-8e41-04c9891278b4,"市場単価で調整額が反映されない"
0fc22803-7289-4376-8e41-04c9891278b4,"市場単価の端数処理設定"
0fc22803-7289-4376-8e41-04c9891278b4,"工程単価の端数設定方法"
0fc22803-7289-4376-8e41-04c9891278b4,"諸雑費を追加しても反映されない"
0fc22803-7289-4376-8e41-04c9891278b4,"市場単価項目の丸め設定"
afc549f1-bc0d-46b1-8270-7d956b12409a,"地質調査業務でデータベース検定費を施工管理費の対象から外す方法を教えてください。"
afc549f1-bc0d-46b1-8270-7d956b12409a,"地質調査業務に含まれている「施工管理費」の対象額から「国土地盤情報データベース検定費」を除きたいのですが、手入力で修正する以外の方法はあるのでしょうか。教えてください。"
afc549f1-bc0d-46b1-8270-7d956b12409a,"検定費を施工管理費対象外にしたい"
afc549f1-bc0d-46b1-8270-7d956b12409a,"国土地盤情報データベース検定費の除外設定"
afc549f1-bc0d-46b1-8270-7d956b12409a,"施工管理費一覧タブの設定方法"
afc549f1-bc0d-46b1-8270-7d956b12409a,"データベース検定費のチェックを外したい"
afc549f1-bc0d-46b1-8270-7d956b12409a,"施工管理費対象項目の変更"
31f63d12-5397-4da6-b1d2-eb2407679167,"変更積算後の新規項目のみ工員単価の基準年度を変更する方法を教えてください。"
31f63d12-5397-4da6-b1d2-eb2407679167,"変更積算後に追加した項目のみ新年度単価で積算をしたいのですが、対応は可能でしょうか。"
31f63d12-5397-4da6-b1d2-eb2407679167,"追加項目だけ新年度単価にしたい"
31f63d12-5397-4da6-b1d2-eb2407679167,"既存項目を旧年度単価のままにしたい"
31f63d12-5397-4da6-b1d2-eb2407679167,"配置済み項目の単価を置き換えない設定"
31f63d12-5397-4da6-b1d2-eb2407679167,"変更積算時の単価更新方法"
31f63d12-5397-4da6-b1d2-eb2407679167,"新規歩掛だけ新年度単価にする"
bf99f34c-8e29-4def-90bb-3330f73bf894,"直接人件費対象の経費に労務費を含める方法を教えてください。"
bf99f34c-8e29-4def-90bb-3330f73bf894,"通常機械経費に計上されるのは直接人件費だけですが、軽作業員（労務費）を機械経費の対象とする方法を教えてください。但し、旅費交通費・電子成果品作成費ついては、直接人件費のみの計上としたいです。どのように設定すればよいのでしょうか。"
bf99f34c-8e29-4def-90bb-3330f73bf894,"機械経費に軽作業員を含めたい"
bf99f34c-8e29-4def-90bb-3330f73bf894,"労務費も対象となる機械経費設定"
bf99f34c-8e29-4def-90bb-3330f73bf894,"2-5-12 機械経費（人件費）の設定方法"
bf99f34c-8e29-4def-90bb-3330f73bf894,"機械経費対象を変更したい"
bf99f34c-8e29-4def-90bb-3330f73bf894,"軽作業員を経費対象にする方法"
4e14b92b-f09e-4cb7-8c67-50cd681c54f8,"精度管理費の計算対象を変更する方法を教えてください。"
4e14b92b-f09e-4cb7-8c67-50cd681c54f8,"測量の積算において、精度管理費（国交省）の対象金額は人件費金額（集計）と経費金額（機械経費）（集計）の合計金額となっていますが、通信運搬費、材料費も対象とする方法があれば教えてください。実際の発注案件にて全ての経費を対象とする事例がありましたので、"
4e14b92b-f09e-4cb7-8c67-50cd681c54f8,"精度管理費に通信運搬費を含めたい"
4e14b92b-f09e-4cb7-8c67-50cd681c54f8,"材料費を精度管理費対象にしたい"
4e14b92b-f09e-4cb7-8c67-50cd681c54f8,"一時作成用経費で精度管理費を作る方法"
4e14b92b-f09e-4cb7-8c67-50cd681c54f8,"精度管理費対象額のカスタマイズ"
4e14b92b-f09e-4cb7-8c67-50cd681c54f8,"経費も対象に含める精度管理費設定"
1b9772ec-a44c-4c88-896f-6e20fb281606,"通常補正後、追加で独自補正を掛ける方法を教えてください。"
1b9772ec-a44c-4c88-896f-6e20fb281606,"共通補正をして人工を変更した後、さらに変更した人工に独自補正（0.3）を掛けたい場合はどうすればよろしいのでしょうか？"
1b9772ec-a44c-4c88-896f-6e20fb281606,"人工に独自補正を追加したい"
1b9772ec-a44c-4c88-896f-6e20fb281606,"任意変化率で独自補正する方法"
1b9772ec-a44c-4c88-896f-6e20fb281606,"共通補正後にさらに補正を掛けたい"
1b9772ec-a44c-4c88-896f-6e20fb281606,"人件費等の計上数量に補正を掛ける"
1b9772ec-a44c-4c88-896f-6e20fb281606,"工程変化率以外に補正を設定したい"
68ca9bd9-b601-4c0d-a42d-bc8b10eb28eb,"補正毎に異なる端数処理を適用する方法を教えてください。"
68ca9bd9-b601-4c0d-a42d-bc8b10eb28eb,"1つの項目で2つの補正があり、端数処理を別々にしたい場合はどのような設定をすれば良いでしょうか"
68ca9bd9-b601-4c0d-a42d-bc8b10eb28eb,"照査補正と延長補正で別々の端数処理を設定したい"
68ca9bd9-b601-4c0d-a42d-bc8b10eb28eb,"補正ごとに異なる四捨五入設定をしたい"
68ca9bd9-b601-4c0d-a42d-bc8b10eb28eb,"補正ごとに小数処理桁を変える方法"
68ca9bd9-b601-4c0d-a42d-bc8b10eb28eb,"Round関数で補正ごとの端数処理を設定できますか"
68ca9bd9-b601-4c0d-a42d-bc8b10eb28eb,"照査補正を小数第2位、延長補正を小数第3位で処理したい"
31eae435-1f43-4747-866a-890e55162f0c,"一時旅費交通費行で宿泊日数を自動計算することはできますか。"
31eae435-1f43-4747-866a-890e55162f0c,"空行挿入≫一時旅費交通費行で計上する場合、宿泊日数を自動計算する機能は無いのでしょうか？"
31eae435-1f43-4747-866a-890e55162f0c,"旅費交通費行で宿泊日数を自動計算したい"
31eae435-1f43-4747-866a-890e55162f0c,"宿泊日数を自動算出する機能はありますか"
31eae435-1f43-4747-866a-890e55162f0c,"外業日数から宿泊日数を自動入力できますか"
31eae435-1f43-4747-866a-890e55162f0c,"旅費交通費の宿泊日数計算を自動化したい"
0fc22803-7289-4376-8e41-04c9891278b4,"市場単価項目で経費を追加しても金額が反映されないのですが。"
0fc22803-7289-4376-8e41-04c9891278b4,"地質調査業務や地質解析業務における『資料整理とりまとめ』などの市場単価の項目について、端数処理のため諸雑費を追加し調整額を入れたいのですが、金額を入力しても単価に反映されないようです。どのように対応すると良いでしょうか。"
0fc22803-7289-4376-8e41-04c9891278b4,"市場単価に諸雑費を追加しても反映されない"
0fc22803-7289-4376-8e41-04c9891278b4,"市場単価項目で調整額が効かない"
0fc22803-7289-4376-8e41-04c9891278b4,"市場単価の端数処理設定方法を教えてください"
0fc22803-7289-4376-8e41-04c9891278b4,"市場単価に経費追加しても単価が変わらない"
afc549f1-bc0d-46b1-8270-7d956b12409a,"地質調査業務でデータベース検定費を施工管理費の対象から外す方法を教えてください。"
afc549f1-bc0d-46b1-8270-7d956b12409a,"地質調査業務に含まれている「施工管理費」の対象額から「国土地盤情報データベース検定費」を除きたいのですが、手入力で修正する以外の方法はあるのでしょうか。教えてください。"
afc549f1-bc0d-46b1-8270-7d956b12409a,"データベース検定費を施工管理費対象外にしたい"
afc549f1-bc0d-46b1-8270-7d956b12409a,"国土地盤情報データベース検定費のチェックを外す方法"
afc549f1-bc0d-46b1-8270-7d956b12409a,"施工管理費から検定費を除外したい"
31f63d12-5397-4da6-b1d2-eb2407679167,"変更積算後の新規項目のみ工員単価の基準年度を変更する方法を教えてください。"
31f63d12-5397-4da6-b1d2-eb2407679167,"変更積算後に追加した項目のみ新年度単価で積算をしたいのですが、対応は可能でしょうか。"
31f63d12-5397-4da6-b1d2-eb2407679167,"追加項目だけ新年度単価にしたい"
31f63d12-5397-4da6-b1d2-eb2407679167,"既存項目は旧年度のままで新規項目だけ更新したい"
31f63d12-5397-4da6-b1d2-eb2407679167,"変更積算で追加分のみ新単価を適用したい"
bf99f34c-8e29-4def-90bb-3330f73bf894,"直接人件費対象の経費に労務費を含める方法を教えてください。"
bf99f34c-8e29-4def-90bb-3330f73bf894,"通常機械経費に計上されるのは直接人件費だけですが、軽作業員（労務費）を機械経費の対象とする方法を教えてください。"
bf99f34c-8e29-4def-90bb-3330f73bf894,"機械経費に軽作業員を含めたい"
bf99f34c-8e29-4def-90bb-3330f73bf894,"労務費を機械経費対象にする方法"
bf99f34c-8e29-4def-90bb-3330f73bf894,"軽作業員も機械経費に含めたい"
bf99f34c-8e29-4def-90bb-3330f73bf894,"旅費交通費は除外したまま機械経費に労務費を含める方法"
4e14b92b-f09e-4cb7-8c67-50cd681c54f8,"精度管理費の計算対象を変更する方法を教えてください。"
4e14b92b-f09e-4cb7-8c67-50cd681c54f8,"測量の積算において、精度管理費（国交省）の対象金額は人件費金額（集計）と経費金額（機械経費）（集計）の合計金額となっていますが、通信運搬費、材料費も対象とする方法があれば教えてください。"
4e14b92b-f09e-4cb7-8c67-50cd681c54f8,"精度管理費に通信運搬費を含めたい"
4e14b92b-f09e-4cb7-8c67-50cd681c54f8,"精度管理費の対象に材料費を追加したい"
4e14b92b-f09e-4cb7-8c67-50cd681c54f8,"精度管理費の対象経費を変更したい"
4e14b92b-f09e-4cb7-8c67-50cd681c54f8,"一時作成用経費で精度管理費を代用する方法"
1b9772ec-a44c-4c88-896f-6e20fb281606,"通常補正後、追加で独自補正を掛ける方法を教えてください。"
1b9772ec-a44c-4c88-896f-6e20fb281606,"共通補正をして人工を変更した後、さらに変更した人工に独自補正（0.3）を掛けたい場合はどうすればよろしいのでしょうか？"
1b9772ec-a44c-4c88-896f-6e20fb281606,"通常補正後にさらに補正を追加したい"
1b9772ec-a44c-4c88-896f-6e20fb281606,"人工に独自補正を掛ける方法"
1b9772ec-a44c-4c88-896f-6e20fb281606,"任意変化率を追加する方法"
1b9772ec-a44c-4c88-896f-6e20fb281606,"追加補正を人工数量に適用したい"
0e23695a-8610-4347-9192-744a97163722,"過去業務検索一覧の表示について教えてください。"
0e23695a-8610-4347-9192-744a97163722,"既存データを呼び込むとき一覧にデータが多い場合見つけるのに時間がかかります。どの項目を元にソートされていますでしょうか。また、その基準項目は変更出来ますでしょうか。"
0e23695a-8610-4347-9192-744a97163722,"既存データ一覧の並び順を変更できますか"
0e23695a-8610-4347-9192-744a97163722,"過去業務検索のソート順について"
0e23695a-8610-4347-9192-744a97163722,"更新日順の並び替え設定は変更できますか"
0e23695a-8610-4347-9192-744a97163722,"作成日や更新日列を左に移動できますか"
1ca063f6-1e0d-4448-be1c-52caaec81dc6,"内訳備考欄の内直接人件費の集計項目は確認できますか。"
1ca063f6-1e0d-4448-be1c-52caaec81dc6,"直接調査費の備考欄にある「内直接人件費」について、集計選択項目を知りたいのですがどのようにすれば分かりますでしょうか。"
1ca063f6-1e0d-4448-be1c-52caaec81dc6,"内直接人件費の対象項目を確認したい"
1ca063f6-1e0d-4448-be1c-52caaec81dc6,"備考欄の内直接人件費の内訳を知りたい"
1ca063f6-1e0d-4448-be1c-52caaec81dc6,"直接人件費の集計一覧を表示できますか"
8aee91f1-ce95-411d-a31e-084fd7ab9a3e,"港湾の現場管理費・一般管理費の計上方法について教えてください。"
8aee91f1-ce95-411d-a31e-084fd7ab9a3e,"港湾局業務を積算する際、二次歩掛（主に船舶）の現場管理費率、一般管理費率について質問です。率計算の対象額（純工事費、工事原価）を二次歩掛ごとの金額で設定されていますが、業務全体で使用する船舶を対象額とするにはどうしたら良いのでしょうか。"
8aee91f1-ce95-411d-a31e-084fd7ab9a3e,"港湾の船舶費を業務全体対象で計算したい"
8aee91f1-ce95-411d-a31e-084fd7ab9a3e,"二次歩掛の現場管理費対象額を変更したい"
8aee91f1-ce95-411d-a31e-084fd7ab9a3e,"船舶の一般管理費を全体計上する方法"
1e712eb8-bc9f-47bc-8f28-d6598e061b02,"補償調査業務で端数処理設定を変更しても歩掛に適用されないのですが。"
1e712eb8-bc9f-47bc-8f28-d6598e061b02,"補償調査業務の端数処理設定について、「ツール≫機能設定≫端数処理設定」より、国土交通省≫補償調査≫現在の積算手法を選択して、員数を小数第二位未満切捨てに設定しても、補償調査業務を選択すると員数の端数処理は個別設定になってしまいます。どうしたらよいでしょうか。"
1e712eb8-bc9f-47bc-8f28-d6598e061b02,"端数処理設定が歩掛に反映されない"
1e712eb8-bc9f-47bc-8f28-d6598e061b02,"補償調査の員数端数設定を一括適用したい"
1e712eb8-bc9f-47bc-8f28-d6598e061b02,"個別設定を無視して端数処理を適用したい"
52da272f-d795-4dfc-8190-fa7a6e4d5f8b,"V6の積算データをV7で開く方法を教えてください。"
52da272f-d795-4dfc-8190-fa7a6e4d5f8b,"以前のV6で積算したデータを開く方法があれば教えていただけますでしょうか。"
52da272f-d795-4dfc-8190-fa7a6e4d5f8b,"V6データをV7で読み込みたい"
52da272f-d795-4dfc-8190-fa7a6e4d5f8b,"旧バージョンの積算データを開く方法"
52da272f-d795-4dfc-8190-fa7a6e4d5f8b,"izdファイルをV7で開けますか"
84bd1cbb-844f-4922-8e7c-807667c9f731,"二次歩掛の端数処理の変更方法を教えてください。"
84bd1cbb-844f-4922-8e7c-807667c9f731,"測量において船を二次歩掛で計上する際に単価が有効数字４桁になるのですが、これを一の位にしたくてもできませんでした。何か方法はありますでしょうか。"
84bd1cbb-844f-4922-8e7c-807667c9f731,"二次歩掛の単価端数を一の位にしたい"
84bd1cbb-844f-4922-8e7c-807667c9f731,"交通船単価の端数処理を変更したい"
84bd1cbb-844f-4922-8e7c-807667c9f731,"二次歩掛の工程単価端数設定方法"
459dd3b4-a61f-47b0-8011-04dc9a56117e,"一時旅費交通費行にて損料を追加する方法を教えてください。"
459dd3b4-a61f-47b0-8011-04dc9a56117e,"「一時旅費交通費」において「ライトバン運転費」に加えて「損料」を見込む場合には「単価行」での追加以外に対応策はあるのでしょうか。"
459dd3b4-a61f-47b0-8011-04dc9a56117e,"一時旅費交通費で損料を追加したい"
459dd3b4-a61f-47b0-8011-04dc9a56117e,"ライトバン運転費に損料を追加する方法"
459dd3b4-a61f-47b0-8011-04dc9a56117e,"旅費交通費行で損料を計上する方法"
459dd3b4-a61f-47b0-8011-04dc9a56117e,"ライトバン②を追加して損料を設定できますか"
459dd3b4-a61f-47b0-8011-04dc9a56117e,"一時旅費交通費で単価を手動設定する方法"
12d53052-8b9a-4d97-9953-19f824bda5c8,"港湾の積算で供用係数ランクの変更は可能でしょうか。"
12d53052-8b9a-4d97-9953-19f824bda5c8,"「目視調査（2）」の歩掛に於いて、供用係数ランクをα=1.00、β=1.00に変更するにはどのようにすればよろしいでしょうか。"
12d53052-8b9a-4d97-9953-19f824bda5c8,"供用係数ランクを変更したい"
12d53052-8b9a-4d97-9953-19f824bda5c8,"船外機船の供用係数αとβを変更する方法"
12d53052-8b9a-4d97-9953-19f824bda5c8,"港湾積算で船舶供用係数を変更したい"
12d53052-8b9a-4d97-9953-19f824bda5c8,"供用1日当りを選択する方法"
12d53052-8b9a-4d97-9953-19f824bda5c8,"目視調査2の供用係数設定方法"
7f8fd80c-d54f-4ab6-b1bd-6a2fc5c76985,"登録ユーザーの変更方法について教えてください。"
7f8fd80c-d54f-4ab6-b1bd-6a2fc5c76985,"部署移動に伴い後任の者に引継ぎを行いたいのですが、登録ユーザの変更方向について教えてください。よろしくお願いいたします。"
7f8fd80c-d54f-4ab6-b1bd-6a2fc5c76985,"登録ユーザー情報を変更したい"
7f8fd80c-d54f-4ab6-b1bd-6a2fc5c76985,"ユーザー情報の編集方法"
7f8fd80c-d54f-4ab6-b1bd-6a2fc5c76985,"後任者へユーザー登録を引き継ぐ方法"
7f8fd80c-d54f-4ab6-b1bd-6a2fc5c76985,"サポートページでユーザー変更できますか"
b8de0cb5-5e72-4cac-aea8-92e6e9773f75,"九州地整の地盤変動影響調査の積算について教えてください。"
b8de0cb5-5e72-4cac-aea8-92e6e9773f75,"九州地整の補償業務の積算の地盤変動影響調査の積算について、工程変化率に「建物調査区分による補正」が有りますが令和4年度以降もこの変化率は適用されるのでしょうか。"
b8de0cb5-5e72-4cac-aea8-92e6e9773f75,"建物調査区分による補正は令和4年度以降も有効ですか"
b8de0cb5-5e72-4cac-aea8-92e6e9773f75,"九州地整の地盤変動影響調査補正について"
b8de0cb5-5e72-4cac-aea8-92e6e9773f75,"地盤変動影響調査の工程変化率について"
b8de0cb5-5e72-4cac-aea8-92e6e9773f75,"建物調査区分による補正の根拠を知りたい"
b8de0cb5-5e72-4cac-aea8-92e6e9773f75,"設計書に記載がない場合でも補正入力は必要ですか"
c981959a-1b8d-4ad7-9aeb-c33ef6d8144b,"UAVレ－ザ測量の機械経費等について教えてください。"
c981959a-1b8d-4ad7-9aeb-c33ef6d8144b,"UAVレ－ザ測量の件につきましてご教示願います。歩掛マスタ上にUAVレ－ザ測量の「機械経費」の選択項目がございませんが、別途見積との方針となるのでしょうか？よろしくお願いいたします。"
c981959a-1b8d-4ad7-9aeb-c33ef6d8144b,"UAVレーザ測量の機械経費は別途見積ですか"
c981959a-1b8d-4ad7-9aeb-c33ef6d8144b,"UAVレーザ測量の機械経費設定方法"
c981959a-1b8d-4ad7-9aeb-c33ef6d8144b,"歩掛マスタにUAVレーザ測量の機械経費がない"
c981959a-1b8d-4ad7-9aeb-c33ef6d8144b,"UAVレーザ測量の算出方法は公表されていますか"
d5774790-95e2-43e1-9686-90a90b0be9f2,"岩手県の電子成果品（紙成果品）の設定について教えてください。"
d5774790-95e2-43e1-9686-90a90b0be9f2,"岩手県の電子成果品（紙成果品）について、積算ソフト上は紙成果品の部数を変更できる設定になっていますが、紙成果品の算出式の根拠となる資料があれば教えて下さい。"
d5774790-95e2-43e1-9686-90a90b0be9f2,"岩手県の紙成果品の算出式について"
d5774790-95e2-43e1-9686-90a90b0be9f2,"電子成果品の18％の根拠"
d5774790-95e2-43e1-9686-90a90b0be9f2,"紙成果品の部数変更について"
d5774790-95e2-43e1-9686-90a90b0be9f2,"紙成果品の複数部数の計算方法"
d5774790-95e2-43e1-9686-90a90b0be9f2,"岩手県 電子成果品 紙成果品"
d5774790-95e2-43e1-9686-90a90b0be9f2,"紙成果品費用の計算根拠"
19f8a40a-e030-4820-ac3c-07ed010be169,"地質調査のクレーン付トラック運搬の算出根拠を教えてください。"
19f8a40a-e030-4820-ac3c-07ed010be169,"地質調査業務≫運搬≫クレーン付トラック運搬2ｔ積2.9ｔ吊について、運転手(特殊)の歩掛と軽油の単価の参照元をご教示ください。よろしくお願いいたします。"
19f8a40a-e030-4820-ac3c-07ed010be169,"クレーン付トラック運搬の歩掛根拠"
19f8a40a-e030-4820-ac3c-07ed010be169,"運転手特殊の0.17の計算方法"
19f8a40a-e030-4820-ac3c-07ed010be169,"軽油単価の参照元について"
19f8a40a-e030-4820-ac3c-07ed010be169,"クレーン付トラック2t積2.9t吊の算出方法"
19f8a40a-e030-4820-ac3c-07ed010be169,"地質調査 運搬 軽油単価"
19f8a40a-e030-4820-ac3c-07ed010be169,"運転手特殊 人工0.17とは"
97f3cbfe-7858-4214-8c19-f3a86dd68f0e,"地質調査のモノレール機械器具損料の出典元を教えてください。"
97f3cbfe-7858-4214-8c19-f3a86dd68f0e,"地質調査のモノレール機械器具損料の単価についてどこの地整のものか、出典元を教えて頂きたいです。お手数ですがよろしくお願いいたします。"
97f3cbfe-7858-4214-8c19-f3a86dd68f0e,"モノレール機械器具損料の出典元"
97f3cbfe-7858-4214-8c19-f3a86dd68f0e,"モノレール損料単価の参照元"
97f3cbfe-7858-4214-8c19-f3a86dd68f0e,"地質調査 モノレール損料"
97f3cbfe-7858-4214-8c19-f3a86dd68f0e,"どこの地整の単価か知りたい"
97f3cbfe-7858-4214-8c19-f3a86dd68f0e,"モノレール機械器具損料について"
6dc329e5-e133-4d58-a5fe-c308d299b0aa,"解析等調査業務費の出典元を教えてください。"
6dc329e5-e133-4d58-a5fe-c308d299b0aa,"地質調査業務≫解析等調査業務≫資料整理とりまとめ及び断面図等の作成について、市場単価と記載がありますがこちらの単価の参照元をお教えいただきたいです。よろしくお願いいたします。"
6dc329e5-e133-4d58-a5fe-c308d299b0aa,"解析等調査業務の市場単価の出典元"
6dc329e5-e133-4d58-a5fe-c308d299b0aa,"資料整理とりまとめの単価参照元"
6dc329e5-e133-4d58-a5fe-c308d299b0aa,"断面図等作成の市場単価について"
6dc329e5-e133-4d58-a5fe-c308d299b0aa,"解析等調査業務 単価の根拠"
6dc329e5-e133-4d58-a5fe-c308d299b0aa,"市場単価の出典を知りたい"
42fbd847-fccb-4484-8671-a3ba926bc211,"港湾局の現場管理費・一般管理費の根拠について教えてください。"
42fbd847-fccb-4484-8671-a3ba926bc211,"港湾局≫水域環境調査業務≫水質調査≫採水の2次歩掛として登録されている「調査船・測量船・観測船」の経費タブに現場管理費と一般管理費が計上されています。赤本（港湾土木請負工事積算基準書）を確認してもこの二つの経費につての記載がないのですが、何を参考にして（根拠として）デフォルトとして計上しているのでしょうか？"
42fbd847-fccb-4484-8671-a3ba926bc211,"調査船の現場管理費の根拠"
42fbd847-fccb-4484-8671-a3ba926bc211,"一般管理費が計上される理由"
42fbd847-fccb-4484-8671-a3ba926bc211,"港湾局 採水 調査船経費"
42fbd847-fccb-4484-8671-a3ba926bc211,"赤本にない現場管理費について"
42fbd847-fccb-4484-8671-a3ba926bc211,"調査船・測量船・観測船の経費設定"
131fc3bc-451b-4d89-b75c-67d67bbb86a7,"各単価区分で具体的にどのような項目が該当するか教えてください。"
131fc3bc-451b-4d89-b75c-67d67bbb86a7,"各単価区分で何が該当するのか知りたいです。（各単価の一覧表は出せますか？）また積算資料、建設物価は毎月発行されているものの、リストに毎月分の表示が無いのは何故でしょうか。"
131fc3bc-451b-4d89-b75c-67d67bbb86a7,"工員単価とは"
131fc3bc-451b-4d89-b75c-67d67bbb86a7,"旅費単価の内容について"
131fc3bc-451b-4d89-b75c-67d67bbb86a7,"市場単価と部材単価の違い"
131fc3bc-451b-4d89-b75c-67d67bbb86a7,"機材単価とは何か"
131fc3bc-451b-4d89-b75c-67d67bbb86a7,"単価一覧表を確認したい"
131fc3bc-451b-4d89-b75c-67d67bbb86a7,"積算資料が毎月表示されない理由"
3e694480-bc42-4ee2-bc2c-1aaf16d7a213,"市場単価区分の違いについて教えてください。"
3e694480-bc42-4ee2-bc2c-1aaf16d7a213,"市場単価の区分で下記２点の違いを教えてください。積算資料・建設物価比較平均値（有効桁：各単価の有効桁最大値）積算資料・建設物価比較平均値（有効上位３桁止）"
3e694480-bc42-4ee2-bc2c-1aaf16d7a213,"有効桁最大値と有効上位3桁止の違い"
3e694480-bc42-4ee2-bc2c-1aaf16d7a213,"市場単価の有効桁について"
3e694480-bc42-4ee2-bc2c-1aaf16d7a213,"積算資料 建設物価 比較平均値とは"
3e694480-bc42-4ee2-bc2c-1aaf16d7a213,"有効上位3桁止とは"
3e694480-bc42-4ee2-bc2c-1aaf16d7a213,"市場単価区分の計算ルール"
31c2c43b-1cf0-4efc-9f1e-0d35c15aadb1,"設計業務等での積算手法の違いについて教えてください。"
31c2c43b-1cf0-4efc-9f1e-0d35c15aadb1,"積算手法の選択で『従来の積算手法』・『新たな積算手法』とありますが、具体的にはいつを基準にどのような内容の違いがあったのでしょうか？ご教示いただけると幸いです。"
31c2c43b-1cf0-4efc-9f1e-0d35c15aadb1,"従来の積算手法と新たな積算手法の違い"
31c2c43b-1cf0-4efc-9f1e-0d35c15aadb1,"平成23年度の積算基準変更について"
31c2c43b-1cf0-4efc-9f1e-0d35c15aadb1,"設計業務の積算方式の変更"
31c2c43b-1cf0-4efc-9f1e-0d35c15aadb1,"その他原価と一般管理費とは"
31c2c43b-1cf0-4efc-9f1e-0d35c15aadb1,"従来積算と新積算の計算式"
31c2c43b-1cf0-4efc-9f1e-0d35c15aadb1,"技術経費率について"
e8f86c1a-6d68-4089-a30a-f00cefad3980,"港湾工員の宿泊時の扱いについて教えてください。"
e8f86c1a-6d68-4089-a30a-f00cefad3980,"港湾の測量業務で付着生物調査試料採取等の作業項目の工員としてダイバー、ダイバー補助員、上回り員が入っています。宿泊で作業を行う際に、これらは宿泊の対象外となっていますが、測量、土質調査の業務では対象外、海象観測装置定期点検・保守業務の場合は対象の考え方でよろしいでしょうか。港湾基準書の旅費の算定、職種区分にはそのような表となっていますが、扱いがよくわからないので"
e8f86c1a-6d68-4089-a30a-f00cefad3980,"ダイバーは宿泊対象になるか"
e8f86c1a-6d68-4089-a30a-f00cefad3980,"港湾業務の宿泊対象工員について"
e8f86c1a-6d68-4089-a30a-f00cefad3980,"ダイバー補助員の宿泊扱い"
e8f86c1a-6d68-4089-a30a-f00cefad3980,"海象観測装置定期点検の宿泊費"
e8f86c1a-6d68-4089-a30a-f00cefad3980,"労務員は宿泊対象外か"
e8f86c1a-6d68-4089-a30a-f00cefad3980,"港湾基準書の旅費算定について"
35c721b3-68fc-47fe-a16e-64ce1153b621,"NEXCOと国交省での水質分析試験の単価の差異について教えてください。"
35c721b3-68fc-47fe-a16e-64ce1153b621,"水質分析試験よりジプロモクロロメタンの単価について、維津美上ではNEXCOで14000円、国土交通省で14200円となっています。以下についてお教えください。NEXCOと国土交通省で今回金額が違う理由（基本的には平均だと思いますが）【建設物価】は14500円と記載がありましたが、【積算資料】はジプロモクロロメタンが見つけられませんでした。参照ページをお教えいただけますでしょうか。"
35c721b3-68fc-47fe-a16e-64ce1153b621,"NEXCOと国交省で単価が違う理由"
35c721b3-68fc-47fe-a16e-64ce1153b621,"ジプロモクロロメタンの単価について"
35c721b3-68fc-47fe-a16e-64ce1153b621,"Web積算資料の掲載場所"
35c721b3-68fc-47fe-a16e-64ce1153b621,"水質分析試験の単価参照元"
35c721b3-68fc-47fe-a16e-64ce1153b621,"NEXCO 単価ファイルについて"
35c721b3-68fc-47fe-a16e-64ce1153b621,"積算資料に掲載がない理由"
8d6f1ebd-8145-40a5-9bf2-99b24e7575f6,"NEXCOの積算の考え方について教えてください。"
8d6f1ebd-8145-40a5-9bf2-99b24e7575f6,"NEXCO西日本の調査等積算基準について、下記の情報があればご教示いただけますでしょうか。地質調査等の単価（市場単価の積算資料・建設物価の有効桁など）作業項目に対して補正を乗じる場合の補正値の処理（有効桁、四捨五入等）及び人工の有効桁、補正箇所について旅費交通費等の情報測量業務・設計業務の同様な情報があれば御教示願います。"
8d6f1ebd-8145-40a5-9bf2-99b24e7575f6,"NEXCOの端数処理について"
8d6f1ebd-8145-40a5-9bf2-99b24e7575f6,"市場単価の有効桁について"
8d6f1ebd-8145-40a5-9bf2-99b24e7575f6,"補正値の四捨五入ルール"
8d6f1ebd-8145-40a5-9bf2-99b24e7575f6,"人工の有効桁の扱い"
8d6f1ebd-8145-40a5-9bf2-99b24e7575f6,"NEXCOの旅費交通費の考え方"
8d6f1ebd-8145-40a5-9bf2-99b24e7575f6,"工程単価の一の位設定"
ad9498b3-8afe-4d91-a7d0-5e56aeefd3a6,"表紙のカスタム方法と様式の共有方法を教えてください。"
ad9498b3-8afe-4d91-a7d0-5e56aeefd3a6,"表記の件について、独自定型パターンの表紙作成(複数)を考えており、また社内で共有したいと考えております。この件について、下記ご教示ください。独自表紙の作成方法作成した様式を社内で共有する方法1,2についてお手数ですが具体的な方法をお教え願えますでしょうか。以上、"
ad9498b3-8afe-4d91-a7d0-5e56aeefd3a6,"独自表紙の作成方法"
ad9498b3-8afe-4d91-a7d0-5e56aeefd3a6,"帳票様式の共有方法"
ad9498b3-8afe-4d91-a7d0-5e56aeefd3a6,"様式ファイルのエクスポート方法"
ad9498b3-8afe-4d91-a7d0-5e56aeefd3a6,"様式ファイルのインポート方法"
ad9498b3-8afe-4d91-a7d0-5e56aeefd3a6,"社内で帳票様式を共有したい"
ad9498b3-8afe-4d91-a7d0-5e56aeefd3a6,"帳票編集機能マニュアルについて"
1793bd14-4e7c-4ef6-b32f-23f3cafee75d,"表紙の見積金額のみを非表示にする方法を教えてください。"
1793bd14-4e7c-4ef6-b32f-23f3cafee75d,"帳票の編集にて、表紙の見積金額のみ非表示にできますか？"
1793bd14-4e7c-4ef6-b32f-23f3cafee75d,"表紙の金額だけ非表示にしたい"
1793bd14-4e7c-4ef6-b32f-23f3cafee75d,"見積金額のみ削除する方法"
1793bd14-4e7c-4ef6-b32f-23f3cafee75d,"帳票編集で金額非表示は可能か"
1793bd14-4e7c-4ef6-b32f-23f3cafee75d,"Excel出力後に金額削除する方法"
3203b9ab-7213-447a-b595-bf14fc76cd26,"最低制限価格一覧表の表記について教えてください。"
3203b9ab-7213-447a-b595-bf14fc76cd26,"最低制限価格一覧表で自分で設定した制限価格設定パターン(既にある計算式をコピーし数字だけ変更しています)で印刷しようとすると計算式のところが数式のまま表示されてしまいます。また既に登録してある制限価格設定パターンの数値を少しでも変えると同じように数式のまま表示されてしまいます。どのように設定すれば計算式の表示が変わりますでしょうか。"
3203b9ab-7213-447a-b595-bf14fc76cd26,"最低制限価格一覧表で計算式が数式表示のままになる"
3203b9ab-7213-447a-b595-bf14fc76cd26,"制限価格設定パターンを変更すると数式表示になる"
3203b9ab-7213-447a-b595-bf14fc76cd26,"最低制限価格一覧表の計算式表記を変えたい"
3203b9ab-7213-447a-b595-bf14fc76cd26,"計算式が簡易表記にならない"
3203b9ab-7213-447a-b595-bf14fc76cd26,"数値を変更したら計算式表示になった"
3203b9ab-7213-447a-b595-bf14fc76cd26,"制限価格設定パターンの表記について"
3203b9ab-7213-447a-b595-bf14fc76cd26,"コピーした計算式で数式表示される"
3203b9ab-7213-447a-b595-bf14fc76cd26,"最低制限価格一覧表の数式表示を変更したい"
63d5a1f7-7c97-43e0-a63c-55f6e284c367,"変更積算帳票の定型の文言を変更できませんか。"
63d5a1f7-7c97-43e0-a63c-55f6e284c367,"変更見積を作成する際、枠外下方に　総括表には「金額は上段が変更前、下段が変更後」、　内訳書には「数量、単価、金額金額は上段が変更前、下段が変更後」と表示されますが、この文言を任意のものに変更することは可能でしょうか？"
63d5a1f7-7c97-43e0-a63c-55f6e284c367,"変更積算帳票の文言を変更したい"
63d5a1f7-7c97-43e0-a63c-55f6e284c367,"総括表の但し書きを変更したい"
63d5a1f7-7c97-43e0-a63c-55f6e284c367,"内訳書の定型文を変更できるか"
63d5a1f7-7c97-43e0-a63c-55f6e284c367,"変更前後の説明文を変更したい"
63d5a1f7-7c97-43e0-a63c-55f6e284c367,"変更積算の文言カスタマイズ"
63d5a1f7-7c97-43e0-a63c-55f6e284c367,"帳票の但し書き変更方法"
63d5a1f7-7c97-43e0-a63c-55f6e284c367,"変更積算帳票のテキストを編集したい"
10fdce32-0efa-4124-8839-5a3cff529086,"帳票設定で業務名がプレビューで表示されなくなったのですが。"
10fdce32-0efa-4124-8839-5a3cff529086,"帳票設定に業務名の項目はあるのですが、プレビューに表示されません。表示させるにはどうしたらいいですか。"
10fdce32-0efa-4124-8839-5a3cff529086,"帳票プレビューに業務名が表示されない"
10fdce32-0efa-4124-8839-5a3cff529086,"業務名が見切れて表示されない"
10fdce32-0efa-4124-8839-5a3cff529086,"帳票設定の業務名が出てこない"
10fdce32-0efa-4124-8839-5a3cff529086,"プレビューで業務名を表示したい"
10fdce32-0efa-4124-8839-5a3cff529086,"業務名のフォントサイズ変更"
10fdce32-0efa-4124-8839-5a3cff529086,"テキストエリア設定で業務名が表示されない"
10fdce32-0efa-4124-8839-5a3cff529086,"帳票の業務名表示について"
80c88287-1e6e-439d-9ad3-ca237a87cbee,"帳票出力設定の異なる複数の様式ファイルを保存できますか。"
80c88287-1e6e-439d-9ad3-ca237a87cbee,"帳票出力設定を複数保存できないのですか。"
80c88287-1e6e-439d-9ad3-ca237a87cbee,"帳票出力設定を複数保存したい"
80c88287-1e6e-439d-9ad3-ca237a87cbee,"複数の帳票様式を保存する方法"
80c88287-1e6e-439d-9ad3-ca237a87cbee,"帳票設定を別名保存したい"
80c88287-1e6e-439d-9ad3-ca237a87cbee,"印刷様式を複数作成できるか"
80c88287-1e6e-439d-9ad3-ca237a87cbee,"帳票様式ファイルの保存方法"
80c88287-1e6e-439d-9ad3-ca237a87cbee,"異なる帳票設定を保存したい"
e606d3b3-b915-4ee4-97e7-ca155078461e,"作成した様式を印刷様式のリストから削除する方法を教えてください。"
e606d3b3-b915-4ee4-97e7-ca155078461e,"帳票出力画面にて設定保存した様式を帳票出力時の印刷様式のリストから削除したいのですが方法を教えてください。"
e606d3b3-b915-4ee4-97e7-ca155078461e,"印刷様式のリストから削除したい"
e606d3b3-b915-4ee4-97e7-ca155078461e,"保存した帳票様式を削除する方法"
e606d3b3-b915-4ee4-97e7-ca155078461e,"帳票様式ファイルの削除"
e606d3b3-b915-4ee4-97e7-ca155078461e,"作成した様式を消したい"
e606d3b3-b915-4ee4-97e7-ca155078461e,"印刷様式一覧から削除できない"
e606d3b3-b915-4ee4-97e7-ca155078461e,"ReportStyleフォルダの削除方法"
eec938ff-8e86-4191-8cff-aa4bf62282fa,"設計タイプ明細表で標準人工／補正後人工の2段表記にすることはできますか。"
eec938ff-8e86-4191-8cff-aa4bf62282fa,"明細表に標準歩掛と補正後歩掛の2段表示はできないのでしょうか。ご教示の程"
eec938ff-8e86-4191-8cff-aa4bf62282fa,"標準歩掛と補正後歩掛を2段表示したい"
eec938ff-8e86-4191-8cff-aa4bf62282fa,"設計タイプ明細表の2段表示"
eec938ff-8e86-4191-8cff-aa4bf62282fa,"標準人工と補正後人工を同時表示したい"
eec938ff-8e86-4191-8cff-aa4bf62282fa,"歩掛の2段表記について"
eec938ff-8e86-4191-8cff-aa4bf62282fa,"補正後歩掛を2段表示できるか"
eec938ff-8e86-4191-8cff-aa4bf62282fa,"明細表の人工2段表示"
3d2e1a1a-aeea-43f4-a650-fa2479e7097f,"表紙の各項目のタイトル名の変更方法を教えてください。"
3d2e1a1a-aeea-43f4-a650-fa2479e7097f,"帳票表紙のタイトル（例えば現場・地係名）の名称は変えられますか？"
3d2e1a1a-aeea-43f4-a650-fa2479e7097f,"帳票表紙のタイトル名を変更したい"
3d2e1a1a-aeea-43f4-a650-fa2479e7097f,"現場名や地係名の表示名を変更したい"
3d2e1a1a-aeea-43f4-a650-fa2479e7097f,"表紙項目名の変更方法"
3d2e1a1a-aeea-43f4-a650-fa2479e7097f,"帳票表紙の項目名変更"
3d2e1a1a-aeea-43f4-a650-fa2479e7097f,"表紙タイトルをカスタマイズしたい"
3d2e1a1a-aeea-43f4-a650-fa2479e7097f,"機能設定で表紙名を変更したい"
7c97cf45-42ea-4dc3-b91f-f2bae5052957,"表紙のTEL・FAXの下に固定でメールアドレスを表示する方法を教えてください。"
7c97cf45-42ea-4dc3-b91f-f2bae5052957,"帳票表紙右上にTELとFAXはありますがメールアドレスは表示できませんか？"
7c97cf45-42ea-4dc3-b91f-f2bae5052957,"帳票表紙にメールアドレスを表示したい"
7c97cf45-42ea-4dc3-b91f-f2bae5052957,"TEL・FAXの下にメールアドレスを表示する方法"
7c97cf45-42ea-4dc3-b91f-f2bae5052957,"表紙にE-mail欄を追加したい"
7c97cf45-42ea-4dc3-b91f-f2bae5052957,"帳票表紙へメールアドレスを載せたい"
7c97cf45-42ea-4dc3-b91f-f2bae5052957,"帳票編集でメールアドレス表示"
7c97cf45-42ea-4dc3-b91f-f2bae5052957,"定型文でメールアドレスを表示したい"
7c97cf45-42ea-4dc3-b91f-f2bae5052957,"表紙の連絡先にメールアドレスを追加したい"
a9240b28-1c82-4d9e-87d4-e7bd3b87db66,"内訳書の規格の文字が小さいのですが改行等で対応できますか。"
a9240b28-1c82-4d9e-87d4-e7bd3b87db66,"内訳書を印刷すると規格欄の条件欄の文字が小さくて見えません、改行等できるのでしょうか。良い方法を教えてください。"
a9240b28-1c82-4d9e-87d4-e7bd3b87db66,"規格欄の文字が小さい"
a9240b28-1c82-4d9e-87d4-e7bd3b87db66,"内訳書の規格文字を大きくしたい"
a9240b28-1c82-4d9e-87d4-e7bd3b87db66,"規格欄を縮小表示しない方法"
a9240b28-1c82-4d9e-87d4-e7bd3b87db66,"条件欄の文字が見えない"
a9240b28-1c82-4d9e-87d4-e7bd3b87db66,"規格欄の文字サイズ変更"
a9240b28-1c82-4d9e-87d4-e7bd3b87db66,"内訳書の文字を改行表示したい"
a9240b28-1c82-4d9e-87d4-e7bd3b87db66,"縮小して全体表示を解除したい"
52dfcbac-c799-4155-93f4-d40b007637fa,"国交省案件との差異について教えてください。"
52dfcbac-c799-4155-93f4-d40b007637fa,"積算について、国土交通省の開示資料と維津美の積算について差が出ますので設定方法について教えてください。また、維津美の初期設定はどの基準での設定になっているのでしょうか？国交省の設定になっていない場合は各業務毎に設定方法を教えてください。"
52dfcbac-c799-4155-93f4-d40b007637fa,"国交省の積算と差異が出る"
52dfcbac-c799-4155-93f4-d40b007637fa,"国土交通省案件向けの設定方法"
52dfcbac-c799-4155-93f4-d40b007637fa,"維津美の初期設定基準について"
52dfcbac-c799-4155-93f4-d40b007637fa,"国交省積算に合わせたい"
52dfcbac-c799-4155-93f4-d40b007637fa,"作業毎に単価表を作成する設定"
52dfcbac-c799-4155-93f4-d40b007637fa,"測量業務の補正計算タイプ設定"
52dfcbac-c799-4155-93f4-d40b007637fa,"国交省開示資料との差について"
13b1c59b-390c-418d-8f4d-1b73272d458d,"用地測量（現況実測平面図作成）の使い分けについて教えてください。"
13b1c59b-390c-418d-8f4d-1b73272d458d,"用地測量（現況実測平面図作成）の補正において、乗算・加算がそれぞれ設定されていますが積算基準にはその使い分け等の記載がありません。どのように使い分ければよろしいでしょうか？"
13b1c59b-390c-418d-8f4d-1b73272d458d,"現況実測平面図作成の乗算と加算の違い"
13b1c59b-390c-418d-8f4d-1b73272d458d,"補正の加算と乗算の使い分け"
13b1c59b-390c-418d-8f4d-1b73272d458d,"用地測量の補正設定について"
13b1c59b-390c-418d-8f4d-1b73272d458d,"国交省案件では加算になるか"
13b1c59b-390c-418d-8f4d-1b73272d458d,"現況実測平面図作成の補正方法"
13b1c59b-390c-418d-8f4d-1b73272d458d,"補正設定の考え方を知りたい"
7533542e-67d2-435a-a8b6-8a7f45e203f2,"労働時間が8時間未満の場合の時間外割割増について教えてください。"
7533542e-67d2-435a-a8b6-8a7f45e203f2,"時間外割増の考え方について教えてください。例えば8時間以内での作業の場合、システムで代価集計→作業→設定より8時間より少なくすると、時間外の1.25割増しした分を引かれてしまいます。8時間以下の作業だと時間外割増し分を引かれてしまうこの考え方はあっているのでしょうか。"
7533542e-67d2-435a-a8b6-8a7f45e203f2,"8時間未満の時間外割増について"
7533542e-67d2-435a-a8b6-8a7f45e203f2,"時間外割増がマイナス計算される"
7533542e-67d2-435a-a8b6-8a7f45e203f2,"時間外労働の計算仕様"
7533542e-67d2-435a-a8b6-8a7f45e203f2,"8時間以下で割増分が引かれる"
7533542e-67d2-435a-a8b6-8a7f45e203f2,"代価集計の時間外設定について"
7533542e-67d2-435a-a8b6-8a7f45e203f2,"時間外割増の算出根拠"
7533542e-67d2-435a-a8b6-8a7f45e203f2,"8時間未満作業時の単価調整"
1990c416-bca9-49dd-b1a6-7d63bbddb149,"旅費交通費の休日補正の算定方法について教えてください。"
1990c416-bca9-49dd-b1a6-7d63bbddb149,"旅費交通費で宿泊を伴う外業所要日数の休日補正の算定で【Ci】【Di】【Si】の計算方法をご教示ください。例として1級水準測量観測で数量が145kmの場合でお願いします。"
1990c416-bca9-49dd-b1a6-7d63bbddb149,"Ci Di Si の計算方法を知りたい"
1990c416-bca9-49dd-b1a6-7d63bbddb149,"休日補正の算定方法について"
1990c416-bca9-49dd-b1a6-7d63bbddb149,"宿泊を伴う外業所要日数の計算方法"
1990c416-bca9-49dd-b1a6-7d63bbddb149,"1級水準測量観測145kmの休日補正計算"
1990c416-bca9-49dd-b1a6-7d63bbddb149,"旅費交通費のDi計算方法"
1990c416-bca9-49dd-b1a6-7d63bbddb149,"宿泊日数の算出方法について"
2642ec9d-1e7d-49c6-a536-630d0f919a39,"地質調査・地質解析業務の合算で調査基準価格を算出する方法を教えてください。"
2642ec9d-1e7d-49c6-a536-630d0f919a39,"地質調査業務の調査基準価格の算出について、維津美で調査基準価格を算出すると地質調査業務で万円止、地質解析業務で万円止になっています。国交省の調査基準価格の算出を見ると地質調査業務では下記の算出になっています。　①直接調査費の額　②間接調査費の額に10分の9を乗じた額　③解析等調査業務費の額に10分の8を乗じた額　④諸経費の額に10分の4.8を乗じた額設計業務等と同様に①～④を足したものを万円止すると思いますので、同様の処理が出来るように設定を変更して頂けないでしょうか。"
2642ec9d-1e7d-49c6-a536-630d0f919a39,"地質調査業務の調査基準価格の算出方法"
2642ec9d-1e7d-49c6-a536-630d0f919a39,"地質解析業務の調査基準価格について"
2642ec9d-1e7d-49c6-a536-630d0f919a39,"調査基準価格を合算で計算したい"
2642ec9d-1e7d-49c6-a536-630d0f919a39,"万円止の計算方法について"
2642ec9d-1e7d-49c6-a536-630d0f919a39,"地質調査と地質解析を合算する方法"
2642ec9d-1e7d-49c6-a536-630d0f919a39,"調査基準価格の設定変更について"
632268ca-79e1-4d6a-9b06-82f7504ce8ac,"維津美のアンインストール方法について教えてください。"
632268ca-79e1-4d6a-9b06-82f7504ce8ac,"この度、一部のPCを初期化することになり、その際にPCにインストールされている維津美のソフトについて、どのような対応をすればよろしいでしょうか。コントロールパネルから維津美をアンインストールしてPCを初期化特に何もせずPCを初期化何らかの手続きが必要以上、ご確認よろしくお願い致します。"
632268ca-79e1-4d6a-9b06-82f7504ce8ac,"PC初期化時の維津美の対応方法"
632268ca-79e1-4d6a-9b06-82f7504ce8ac,"維津美をアンインストールする必要はありますか"
632268ca-79e1-4d6a-9b06-82f7504ce8ac,"PC初期化前に必要な作業"
632268ca-79e1-4d6a-9b06-82f7504ce8ac,"維津美インストール済みPCの初期化"
632268ca-79e1-4d6a-9b06-82f7504ce8ac,"維津美の削除手順について"
632268ca-79e1-4d6a-9b06-82f7504ce8ac,"PC初期化時の注意点"
2e0df43c-d949-42f0-8eb1-96effc5288ee,"ネット接続されていないPCでの維津美のインストール方法を教えてください。"
2e0df43c-d949-42f0-8eb1-96effc5288ee,"ネットワークに接続されていないPCで維津美のインストールを試みておりますがエラーとなり先に進めません。対処方法をご教示ください。"
2e0df43c-d949-42f0-8eb1-96effc5288ee,"オフラインPCで維津美をインストールする方法"
2e0df43c-d949-42f0-8eb1-96effc5288ee,"ネット未接続環境でのインストール"
2e0df43c-d949-42f0-8eb1-96effc5288ee,"インストール時にエラーになる"
2e0df43c-d949-42f0-8eb1-96effc5288ee,"SQL Server LocalDB 2017 の導入方法"
2e0df43c-d949-42f0-8eb1-96effc5288ee,"維津美インストールエラーの対処"
2e0df43c-d949-42f0-8eb1-96effc5288ee,"インターネット接続なしでインストールしたい"
3d19c882-78aa-48cd-9111-20602b2b9e72,"過去の歩掛マスタを読込むとエラーが発生するのですが。"
3d19c882-78aa-48cd-9111-20602b2b9e72,"現在使用している維津美は最新のバージョンです。そこに、過去の歩掛「歩掛V7G7.izb7」を読み込むとシステム自体が落ちてしまいます。回避方法があれば教えてください。"
3d19c882-78aa-48cd-9111-20602b2b9e72,"過去の歩掛マスタ読込時のエラー"
3d19c882-78aa-48cd-9111-20602b2b9e72,"歩掛V7G7を読み込むと落ちる"
3d19c882-78aa-48cd-9111-20602b2b9e72,"維津美がクラッシュする"
3d19c882-78aa-48cd-9111-20602b2b9e72,"SQL Server Compact 4.0 SP1 のインストール方法"
3d19c882-78aa-48cd-9111-20602b2b9e72,"過去歩掛データの読込方法"
3d19c882-78aa-48cd-9111-20602b2b9e72,"歩掛マスタ読込エラーの解消方法"
01db8208-1765-4282-983a-eb81bd952115,"維津美の新規PCへの移行手順を教えてください。"
01db8208-1765-4282-983a-eb81bd952115,"維津美を使用しているPCを変更するための移行手順を教えてください。"
01db8208-1765-4282-983a-eb81bd952115,"維津美を新しいPCへ移行する方法"
01db8208-1765-4282-983a-eb81bd952115,"PC変更時の維津美データ移行について"
01db8208-1765-4282-983a-eb81bd952115,"維津美の移設手順"
01db8208-1765-4282-983a-eb81bd952115,"新規PCへのインストール方法"
01db8208-1765-4282-983a-eb81bd952115,"歩掛マスタと単価マスタの移行方法"
01db8208-1765-4282-983a-eb81bd952115,"会社情報のエクスポート方法"
01db8208-1765-4282-983a-eb81bd952115,"機能設定の移行について"
2c75142e-2969-4505-89fb-d5e5ab104aa0,"32ビットのPCで維津美を使用することはできますか。"
2c75142e-2969-4505-89fb-d5e5ab104aa0,"現在32ビットのパソコンを使用しています。単価マスタ等の更新をしましたら、エラーが発生し使用できません。更新する前は使用していました。更新後は32ビットのパソコンでは使用できないということでしょうか。"
2c75142e-2969-4505-89fb-d5e5ab104aa0,"32bit PCで最新マスタは使えますか"
2c75142e-2969-4505-89fb-d5e5ab104aa0,"32ビット環境でエラーになる"
2c75142e-2969-4505-89fb-d5e5ab104aa0,"V7H06以降の対応OSについて"
2c75142e-2969-4505-89fb-d5e5ab104aa0,"64ビットPCが必要ですか"
2c75142e-2969-4505-89fb-d5e5ab104aa0,"更新後に使用できなくなった"
2c75142e-2969-4505-89fb-d5e5ab104aa0,"新形式データベースファイルについて"
8d05ec4f-e32b-472f-ac65-e524c8668801,"ライセンスの同時使用について教えてください。"
8d05ec4f-e32b-472f-ac65-e524c8668801,"こちらの支社内でキーが3つあり、本日3つ同時にログインしようとしたら「TooManyUsers」とエラーメッセージがあり3人目がログインできませんでした。ライセンスとして5契約しており、その時間帯で最大でも3ライセンスしか使用していませんでした。ネットワークキー（赤）で使用していますが、使用者はそれぞれ自分のPCにキーを差し込んで使用しています。何か原因は考えられますでしょうか。"
8d05ec4f-e32b-472f-ac65-e524c8668801,"TooManyUsers エラーについて"
8d05ec4f-e32b-472f-ac65-e524c8668801,"3人目だけログインできない"
8d05ec4f-e32b-472f-ac65-e524c8668801,"ネットワーク認証エラーの対処方法"
8d05ec4f-e32b-472f-ac65-e524c8668801,"ライセンス認証設定について"
8d05ec4f-e32b-472f-ac65-e524c8668801,"127.0.0.1 の設定確認"
8d05ec4f-e32b-472f-ac65-e524c8668801,"Multicast 指定ホストのみの設定"
64f3bfe1-6e45-4e5e-867c-0373d27a7ae5,"各項目での端数端数処理方法を教えてください。"
64f3bfe1-6e45-4e5e-867c-0373d27a7ae5,"測量・地質調査・設計業務について、国土交通省基準と実際の自治体の案件とで大きく下記の3点で端数処理の方法に違いがあります。補正係数及び変化率の端数処理測量業務及び地質調査業務の単価表の合計金額の端数処理業務価格の端数処理積算システムを使用するに際して、上記の設定方法を教えてください。よろしくお願いいたします。"
64f3bfe1-6e45-4e5e-867c-0373d27a7ae5,"端数処理設定の方法"
64f3bfe1-6e45-4e5e-867c-0373d27a7ae5,"補正係数の端数処理について"
64f3bfe1-6e45-4e5e-867c-0373d27a7ae5,"工程単価の端数設定"
64f3bfe1-6e45-4e5e-867c-0373d27a7ae5,"業務価格の端数処理"
64f3bfe1-6e45-4e5e-867c-0373d27a7ae5,"内訳調整額設定の変更方法"
64f3bfe1-6e45-4e5e-867c-0373d27a7ae5,"自治体案件向けの端数設定"
665b0555-2c85-4347-b572-30724987c822,"測量業務での機械経費一覧を表示する方法を教えてください。"
665b0555-2c85-4347-b572-30724987c822,"維津美システムの測量業務における機械経費一覧は、閲覧または表示可能でしょうか。"
665b0555-2c85-4347-b572-30724987c822,"機械経費一覧を確認したい"
665b0555-2c85-4347-b572-30724987c822,"測量業務の経費一覧表示について"
665b0555-2c85-4347-b572-30724987c822,"経費別集計の確認方法"
665b0555-2c85-4347-b572-30724987c822,"測量業務の経費確認"
665b0555-2c85-4347-b572-30724987c822,"機械経費は表示できますか"
665b0555-2c85-4347-b572-30724987c822,"内訳上の集計設定について"
b4bea39c-faf7-448e-81db-e7f2ecce6bb4,"一度保存した積算データを開こうとするとエラーが発生してしまいます。"
b4bea39c-faf7-448e-81db-e7f2ecce6bb4,"初期の保存では「正常に保存されました」となりますが、再度開こうとするとエラーで開くことができません。3回連続同じようなことが発生しています。解決できるでしょうか。"
b4bea39c-faf7-448e-81db-e7f2ecce6bb4,"保存した積算データが開けない"
b4bea39c-faf7-448e-81db-e7f2ecce6bb4,"積算データ読込エラー"
b4bea39c-faf7-448e-81db-e7f2ecce6bb4,"ファイルパス長の制限について"
b4bea39c-faf7-448e-81db-e7f2ecce6bb4,"フォルダ名が長すぎる場合の対処"
b4bea39c-faf7-448e-81db-e7f2ecce6bb4,"ファイル名を短くしたい"
b4bea39c-faf7-448e-81db-e7f2ecce6bb4,"積算ファイルが開かない原因"
5826fc96-2d33-408f-8a4a-65a6ae65dbd2,"一時歩掛行で計上した人件費を電子成果品費の対象外とする方法を教えてください。"
5826fc96-2d33-408f-8a4a-65a6ae65dbd2,"一時歩掛行で作成した人件費を電子成果品作成費等に反映させないようにする方法を教えて下さい。"
5826fc96-2d33-408f-8a4a-65a6ae65dbd2,"電子成果品作成費の対象外にする方法"
5826fc96-2d33-408f-8a4a-65a6ae65dbd2,"一時歩掛行を電子成果品費に含めたくない"
5826fc96-2d33-408f-8a4a-65a6ae65dbd2,"人件費を電子成果品作成費に反映しない方法"
5826fc96-2d33-408f-8a4a-65a6ae65dbd2,"電子成果品作成費の設定変更"
5826fc96-2d33-408f-8a4a-65a6ae65dbd2,"一時歩掛行のチェックを外す方法"
5826fc96-2d33-408f-8a4a-65a6ae65dbd2,"電子成果品費の対象項目設定"
322c231c-c043-432e-8a69-7b07dbfc310a,"最低制限価格の算出方法について教えてください。"
322c231c-c043-432e-8a69-7b07dbfc310a,"制限価格設定をしたいのですが、価格設定で予定価格を入力しても制限価格が表示されません。自動で計算されないのでしょうか？"
322c231c-c043-432e-8a69-7b07dbfc310a,"最低制限価格が表示されない"
322c231c-c043-432e-8a69-7b07dbfc310a,"制限価格の自動計算について"
322c231c-c043-432e-8a69-7b07dbfc310a,"予想最低制限価格の設定方法"
322c231c-c043-432e-8a69-7b07dbfc310a,"価格設定画面の使い方"
322c231c-c043-432e-8a69-7b07dbfc310a,"測量一般H31の設定方法"
322c231c-c043-432e-8a69-7b07dbfc310a,"最低制限価格を算出したい"
54048e08-3b55-4954-969a-e1ca28df953d,"橋梁定期点検設定で入力したデータで任意の橋梁だけ削除する方法を教えてください。"
54048e08-3b55-4954-969a-e1ca28df953d,"橋梁定期点検設定より入力した橋梁データを任意の橋のみ削除することは可能でしょうか？"
54048e08-3b55-4954-969a-e1ca28df953d,"特定の橋梁だけ削除したい"
54048e08-3b55-4954-969a-e1ca28df953d,"橋梁定期点検データの削除方法"
54048e08-3b55-4954-969a-e1ca28df953d,"橋梁定期点検設定の編集"
54048e08-3b55-4954-969a-e1ca28df953d,"任意の橋だけ削除できますか"
54048e08-3b55-4954-969a-e1ca28df953d,"橋梁データの個別削除について"
54048e08-3b55-4954-969a-e1ca28df953d,"橋梁定期点検設定の制限"
fa72d22f-df09-40a1-8be6-a7c59a2464a6,"特定の作業のみ経費計算の対象外とする方法を教えてください。"
fa72d22f-df09-40a1-8be6-a7c59a2464a6,"例えば設計業務の護岸詳細設計で任意の作業項目のみ電子計算機使用料率を乗じない設定などは可能でしょうか？"
fa72d22f-df09-40a1-8be6-a7c59a2464a6,"電子計算機使用料率を除外したい"
fa72d22f-df09-40a1-8be6-a7c59a2464a6,"特定作業だけ経費対象外にしたい"
fa72d22f-df09-40a1-8be6-a7c59a2464a6,"経費計算から除外する方法"
fa72d22f-df09-40a1-8be6-a7c59a2464a6,"作業毎に歩掛を分ける方法"
fa72d22f-df09-40a1-8be6-a7c59a2464a6,"電子計算機使用料の設定"
fa72d22f-df09-40a1-8be6-a7c59a2464a6,"任意の作業項目だけ除外したい"
b25890c5-0103-4f3f-8354-f0f205e0b9bd,"作業別に単価表を作成する場合の端数処理方法について教えてください。"
b25890c5-0103-4f3f-8354-f0f205e0b9bd,"現在自治体の案件を積算をしておりますが、測量業務に関して下記のような算出は可能でしょうか。各業務の中にある作業別に補正係数のかかった歩掛および経費の合計金額を出す。それを作業別で単位当たり金額に割り戻し（有効数字4桁）※たとえば3級基準点測量であれば20点で割り1点当たり金額を出すそれを合計して単位当たりの業務金額を出すそれに数量をかける"
b25890c5-0103-4f3f-8354-f0f205e0b9bd,"作業別単価表の設定方法"
b25890c5-0103-4f3f-8354-f0f205e0b9bd,"有効数字4桁の端数処理"
b25890c5-0103-4f3f-8354-f0f205e0b9bd,"工程単価を上位四桁にしたい"
b25890c5-0103-4f3f-8354-f0f205e0b9bd,"Bタイプ計算への変更方法"
b25890c5-0103-4f3f-8354-f0f205e0b9bd,"作業毎に単価表を作成する設定"
b25890c5-0103-4f3f-8354-f0f205e0b9bd,"代価工程単価の端数設定"
b25890c5-0103-4f3f-8354-f0f205e0b9bd,"自治体案件向けの積算設定"
e8f028cb-b2e7-4216-966b-b3f494eb5282,"計算タイプの初期設定を変更する方法を教えてください。"
e8f028cb-b2e7-4216-966b-b3f494eb5282,"機能設定等で設計業務の計算タイプを「Ｂ」に固定できませんでしょうか。"
e8f028cb-b2e7-4216-966b-b3f494eb5282,"計算タイプBを固定したい"
e8f028cb-b2e7-4216-966b-b3f494eb5282,"設計業務の計算タイプ変更について"
e8f028cb-b2e7-4216-966b-b3f494eb5282,"計算タイプのデフォルト設定"
e8f028cb-b2e7-4216-966b-b3f494eb5282,"計算タイプを自動でBにしたい"
e8f028cb-b2e7-4216-966b-b3f494eb5282,"計算タイプ設定は変更できますか"
e8f028cb-b2e7-4216-966b-b3f494eb5282,"計算タイプの固定方法"
3d8c6bbc-0c01-4620-aeee-ec0500c22488,"変更積算時の請負額について教えてください。"
3d8c6bbc-0c01-4620-aeee-ec0500c22488,"標記の件につきまして1回目の変更時の請負額を【5,678,000円（変更請負値引き調整額-678）】で設定をしました。2回目の変更を行う際、総括画面下の前回の請負額が値引き調整前の金額が反映されてしまいます。値引き調整後の金額を反映したい場合どのように設定すればいいのでしょうか。ご教示いただきたくよろしくお願いいたします。"
3d8c6bbc-0c01-4620-aeee-ec0500c22488,"変更請負値引き調整額について"
3d8c6bbc-0c01-4620-aeee-ec0500c22488,"値引き調整後の請負額を反映したい"
3d8c6bbc-0c01-4620-aeee-ec0500c22488,"前回請負額が正しく表示されない"
3d8c6bbc-0c01-4620-aeee-ec0500c22488,"値引き調整額の反映方法"
3d8c6bbc-0c01-4620-aeee-ec0500c22488,"変更積算の請負額設定"
3d8c6bbc-0c01-4620-aeee-ec0500c22488,"Excelで修正する方法"
653fc97b-3e5a-41d8-861c-191c1a6f217c,"補正条件を規格欄に設定する方法を教えてください。"
653fc97b-3e5a-41d8-861c-191c1a6f217c,"補正で選択した値（例 延べ面積：70㎡未満）を規格欄に自動で設定する方法はありますでしょうか。"
653fc97b-3e5a-41d8-861c-191c1a6f217c,"補正値を規格欄へ表示したい"
653fc97b-3e5a-41d8-861c-191c1a6f217c,"規格転記の設定方法"
653fc97b-3e5a-41d8-861c-191c1a6f217c,"延べ面積を規格に表示する"
653fc97b-3e5a-41d8-861c-191c1a6f217c,"補正条件の自動転記"
653fc97b-3e5a-41d8-861c-191c1a6f217c,"規格転記を有効にしたい"
653fc97b-3e5a-41d8-861c-191c1a6f217c,"補正設定の規格表示"
649078d9-bc9b-4f96-928e-8e863f4f0176,"安全費の現道上の場合の設定方法を教えてください。"
649078d9-bc9b-4f96-928e-8e863f4f0176,"国交省の安全費ですが、維津美での設定方法を教えてください。地域：その他（2.5％）場所：一部現道上（0.4未満）以上、よろしくお願いいたします。"
649078d9-bc9b-4f96-928e-8e863f4f0176,"安全費の現道延長割合設定"
649078d9-bc9b-4f96-928e-8e863f4f0176,"一部現道上の安全費設定"
649078d9-bc9b-4f96-928e-8e863f4f0176,"安全費 愛知県 の設定方法"
649078d9-bc9b-4f96-928e-8e863f4f0176,"現道延長割合を入力したい"
649078d9-bc9b-4f96-928e-8e863f4f0176,"安全費率の設定について"
649078d9-bc9b-4f96-928e-8e863f4f0176,"国交省安全費では設定できない項目"
23366aec-e28a-4220-aeb7-eb79c501660e,"計上されている歩掛が項目配置のどこから引用されているか確認できますか。"
23366aec-e28a-4220-aeb7-eb79c501660e,"過去に作成したデータについて、配置する項目を項目配置画面のどこから引用してきたのか確認したいのですが、確認方法はありますでしょうか？ご教示のほどよろしくお願いいたします。"
23366aec-e28a-4220-aeb7-eb79c501660e,"項目配置の参照元を確認したい"
23366aec-e28a-4220-aeb7-eb79c501660e,"計上済み項目の確認方法"
23366aec-e28a-4220-aeb7-eb79c501660e,"歩掛の引用元を調べたい"
23366aec-e28a-4220-aeb7-eb79c501660e,"背景色が黄色の意味"
23366aec-e28a-4220-aeb7-eb79c501660e,"項目配置画面で確認する方法"
23366aec-e28a-4220-aeb7-eb79c501660e,"計上済み項目の表示について"
8d60585b-d97b-4f9a-9ff9-4d4133f4a855,"誤って削除してしまった業務原価行を再度挿入する方法を教えてください。"
8d60585b-d97b-4f9a-9ff9-4d4133f4a855,"業務原価行を誤って削除してしまったのですが、再度挿入する方法を教えてください。またそのせいか調整額についても消えてしまいました。"
8d60585b-d97b-4f9a-9ff9-4d4133f4a855,"業務原価行の復活方法"
8d60585b-d97b-4f9a-9ff9-4d4133f4a855,"値引き調整額が消えた"
8d60585b-d97b-4f9a-9ff9-4d4133f4a855,"集計設定から再計上する方法"
8d60585b-d97b-4f9a-9ff9-4d4133f4a855,"業務原価のチェック設定"
8d60585b-d97b-4f9a-9ff9-4d4133f4a855,"誤削除した行を戻したい"
8d60585b-d97b-4f9a-9ff9-4d4133f4a855,"業務原価行が消えてしまった"
af55369c-c7dc-431c-bf05-b23fec5e9094,"工程変化率の個々の変化率で直接入力を行うことはできますか。"
af55369c-c7dc-431c-bf05-b23fec5e9094,"工程変化率の直接入力を個々の変化率で行うことはできないのですか。"
af55369c-c7dc-431c-bf05-b23fec5e9094,"個々の変化率を直接入力したい"
af55369c-c7dc-431c-bf05-b23fec5e9094,"工程変化率の編集方法"
af55369c-c7dc-431c-bf05-b23fec5e9094,"補正式から変化率を入力する方法"
af55369c-c7dc-431c-bf05-b23fec5e9094,"変化率を手動設定したい"
af55369c-c7dc-431c-bf05-b23fec5e9094,"工程変化率の直接編集"
af55369c-c7dc-431c-bf05-b23fec5e9094,"変化率設定の編集ボタンについて"
d1666b7d-c5c9-4f10-b6be-73d0a670feb2,"規格に入力したコメントが規格転記時に消えないようにする方法を教えてください。"
d1666b7d-c5c9-4f10-b6be-73d0a670feb2,"規格転記をする場合、編集画面で条件を変えても残るコメントはどこにどのように記入すればいいですか。"
d1666b7d-c5c9-4f10-b6be-73d0a670feb2,"規格転記時にコメントが消える"
d1666b7d-c5c9-4f10-b6be-73d0a670feb2,"規格欄のコメントを残したい"
d1666b7d-c5c9-4f10-b6be-73d0a670feb2,"規格転記後にコメント入力する方法"
d1666b7d-c5c9-4f10-b6be-73d0a670feb2,"空行にコメントを入れる方法"
d1666b7d-c5c9-4f10-b6be-73d0a670feb2,"単価行を備考欄として使いたい"
d1666b7d-c5c9-4f10-b6be-73d0a670feb2,"規格転記の仕様について"
167fd8ce-4042-41c0-bbe3-cb1b86cf45de,"内訳の金額を全て千円単位にする方法を教えてください。"
167fd8ce-4042-41c0-bbe3-cb1b86cf45de,"内訳の金額を全て千円単位にする方法を教えてください。"
167fd8ce-4042-41c0-bbe3-cb1b86cf45de,"内訳金額を千円単位に変更したい"
167fd8ce-4042-41c0-bbe3-cb1b86cf45de,"全行へ端数処理を一括設定する方法"
167fd8ce-4042-41c0-bbe3-cb1b86cf45de,"Ctrl+Aで全選択した後の操作"
167fd8ce-4042-41c0-bbe3-cb1b86cf45de,"内訳金額の端数処理設定"
167fd8ce-4042-41c0-bbe3-cb1b86cf45de,"千の位で端数処理したい"
167fd8ce-4042-41c0-bbe3-cb1b86cf45de,"金額を一括で千円単位にしたい"
1ad7376d-6832-40b1-9561-982db93d1140,"内訳上等で行を複数選択する方法を教えてください。"
1ad7376d-6832-40b1-9561-982db93d1140,"内訳画面上での行選択時に個別に複数行を選択することは可能でしょうか。（「Ctrl＋選択」のような）"
1ad7376d-6832-40b1-9561-982db93d1140,"Ctrl+選択で複数行を選びたい"
1ad7376d-6832-40b1-9561-982db93d1140,"複数行の個別選択方法"
1ad7376d-6832-40b1-9561-982db93d1140,"行をまとめて選択したい"
1ad7376d-6832-40b1-9561-982db93d1140,"黒矢印部分での複数選択"
1ad7376d-6832-40b1-9561-982db93d1140,"内訳表の複数行操作"
1ad7376d-6832-40b1-9561-982db93d1140,"Ctrlキーで行選択できますか"
5edf3d06-080a-4b11-817d-5e4a968f7d81,"任意補正を追加し特定の作業のみに掛ける方法を教えてください。"
5edf3d06-080a-4b11-817d-5e4a968f7d81,"任意の補正（0.5）を追加し、代価の特定の作業に補正を掛ける方法を教えてください。"
5edf3d06-080a-4b11-817d-5e4a968f7d81,"特定作業だけ0.5補正を掛けたい"
5edf3d06-080a-4b11-817d-5e4a968f7d81,"任意変化率の追加方法"
5edf3d06-080a-4b11-817d-5e4a968f7d81,"補正係数を追加する方法"
5edf3d06-080a-4b11-817d-5e4a968f7d81,"作業ごとの補正設定"
5edf3d06-080a-4b11-817d-5e4a968f7d81,"数量だけ補正を掛ける方法"
5edf3d06-080a-4b11-817d-5e4a968f7d81,"特定の作業のみ補正対象にしたい"
d1b2f371-d16d-4413-9af2-283d4ad75945,"積算開始時に選択する単価の初期値を変更する方法を教えてください。"
d1b2f371-d16d-4413-9af2-283d4ad75945,"積算開始時に選択する単価の初期値を変更できますでしょうか。教えてください。"
d1b2f371-d16d-4413-9af2-283d4ad75945,"単価の初期値設定について"
d1b2f371-d16d-4413-9af2-283d4ad75945,"単価マスタの年月度設定"
d1b2f371-d16d-4413-9af2-283d4ad75945,"積算開始時の単価設定を変えたい"
d1b2f371-d16d-4413-9af2-283d4ad75945,"単価マスタ編集画面の使い方"
d1b2f371-d16d-4413-9af2-283d4ad75945,"単価年月度の初期設定"
d1b2f371-d16d-4413-9af2-283d4ad75945,"全国単価の設定変更"
3945fcb8-4d9e-470c-87e4-895e1071d2ac,"項目配置のツリーの移動はできますか。"
3945fcb8-4d9e-470c-87e4-895e1071d2ac,"よく使う項目を項目配置のツリーの上位に移動したいのですが可能でしょうか。ご回答"
3945fcb8-4d9e-470c-87e4-895e1071d2ac,"項目配置ツリーの順番変更"
3945fcb8-4d9e-470c-87e4-895e1071d2ac,"よく使う項目を上にしたい"
3945fcb8-4d9e-470c-87e4-895e1071d2ac,"ツリー並び順の変更"
3945fcb8-4d9e-470c-87e4-895e1071d2ac,"項目配置のカスタマイズについて"
3945fcb8-4d9e-470c-87e4-895e1071d2ac,"項目配置順を変更できますか"
3945fcb8-4d9e-470c-87e4-895e1071d2ac,"ツリー上位へ移動したい"
fb88bae2-c005-47d7-8426-ee86c674f7b7,"歩掛表等でEnterキーを押下した際のカーソルの移動方向は変更出来ますか。"
fb88bae2-c005-47d7-8426-ee86c674f7b7,"歩掛の人工修正後、Enterキーの押下で右又は下セルへの移動するように設定出来ますか。"
fb88bae2-c005-47d7-8426-ee86c674f7b7,"Enterキーの移動方向設定"
fb88bae2-c005-47d7-8426-ee86c674f7b7,"カーソルを右移動にしたい"
fb88bae2-c005-47d7-8426-ee86c674f7b7,"カーソルを下移動にしたい"
fb88bae2-c005-47d7-8426-ee86c674f7b7,"グリッドの動作設定"
fb88bae2-c005-47d7-8426-ee86c674f7b7,"Enterキー動作変更"
fb88bae2-c005-47d7-8426-ee86c674f7b7,"セル移動方向を変更したい"
1a8b1331-0552-4ab5-9a51-cf030739682a,"スタートページにて？マークが付いた積算データの履歴は削除できますか。"
1a8b1331-0552-4ab5-9a51-cf030739682a,"既存の積算データを編集のリストから「？マークが付いた積算データ」を削除することはできますか。"
1a8b1331-0552-4ab5-9a51-cf030739682a,"？マーク付き履歴を削除したい"
1a8b1331-0552-4ab5-9a51-cf030739682a,"積算データ履歴の削除方法"
1a8b1331-0552-4ab5-9a51-cf030739682a,"履歴の消去方法"
1a8b1331-0552-4ab5-9a51-cf030739682a,"最近使用したファイルを削除したい"
1a8b1331-0552-4ab5-9a51-cf030739682a,"履歴一覧から削除する方法"
1a8b1331-0552-4ab5-9a51-cf030739682a,"積算データ履歴を消したい"
51b2cd6a-1494-462d-ab4d-ef6e4774ad25,"補正後の人工の見方を教えてください。"
51b2cd6a-1494-462d-ab4d-ef6e4774ad25,"作業項目ごとの標準人工×補正の歩掛はどのように確認出来ますか。"
51b2cd6a-1494-462d-ab4d-ef6e4774ad25,"補正後人工の確認方法"
51b2cd6a-1494-462d-ab4d-ef6e4774ad25,"変更延人日数の表示方法"
51b2cd6a-1494-462d-ab4d-ef6e4774ad25,"計算タイプBの設定"
51b2cd6a-1494-462d-ab4d-ef6e4774ad25,"各人工に補正を掛ける方法"
51b2cd6a-1494-462d-ab4d-ef6e4774ad25,"補正後歩掛の確認"
51b2cd6a-1494-462d-ab4d-ef6e4774ad25,"工程変化率の設定変更"